TimeGenerated,EventID,Computer,Provider,Channel,RecordID,Level,authFailureMessage,commandId,connection,errorCode,operationName,optionCode,optionName,optionValue,resourceUri,shellId
2025-03-24T03:37:39.576918Z,208,WIN-10087MEU94D,Microsoft-Windows-WinRM,Microsoft-Windows-WinRM/Operational,1,4,,,,,,,,,,
2025-03-24T03:37:39.893117Z,209,WIN-10087MEU94D,Microsoft-Windows-WinRM,Microsoft-Windows-WinRM/Operational,2,4,,,,,,,,,,
2025-03-24T03:37:41.664641Z,211,WIN-10087MEU94D,Microsoft-Windows-WinRM,Microsoft-Windows-WinRM/Operational,3,4,,,,,,,,,,
2025-03-24T03:37:42.179561Z,212,WIN-10087MEU94D,Microsoft-Windows-WinRM,Microsoft-Windows-WinRM/Operational,4,4,,,,,,,,,,
2025-03-24T03:38:04.259007Z,208,WIN-10087MEU94D,Microsoft-Windows-WinRM,Microsoft-Windows-WinRM/Operational,5,4,,,,,,,,,,
2025-03-24T03:38:04.395996Z,209,WIN-10087MEU94D,Microsoft-Windows-WinRM,Microsoft-Windows-WinRM/Operational,6,4,,,,,,,,,,
2025-03-24T03:38:45.388472Z,145,WIN-10087MEU94D,Microsoft-Windows-WinRM,Microsoft-Windows-WinRM/Operational,7,4,,,,,Identify,,,,NotSpecified,
2025-03-24T03:38:45.410173Z,132,WIN-10087MEU94D,Microsoft-Windows-WinRM,Microsoft-Windows-WinRM/Operational,8,4,,,,,Identify,,,,,
2025-03-24T03:39:00.733645Z,211,WIN-10087MEU94D,Microsoft-Windows-WinRM,Microsoft-Windows-WinRM/Operational,9,4,,,,,,,,,,
2025-03-24T03:39:01.248742Z,212,WIN-10087MEU94D,Microsoft-Windows-WinRM,Microsoft-Windows-WinRM/Operational,10,4,,,,,,,,,,
2025-04-18T19:22:18.267179Z,208,WIN-10087MEU94D,Microsoft-Windows-WinRM,Microsoft-Windows-WinRM/Operational,11,4,,,,,,,,,,
2025-04-18T19:22:18.847547Z,209,WIN-10087MEU94D,Microsoft-Windows-WinRM,Microsoft-Windows-WinRM/Operational,12,4,,,,,,,,,,
2025-04-18T12:22:50.565130Z,145,WIN-10087MEU94D,Microsoft-Windows-WinRM,Microsoft-Windows-WinRM/Operational,13,4,,,,,Identify,,,,NotSpecified,
2025-04-18T12:22:50.594077Z,132,WIN-10087MEU94D,Microsoft-Windows-WinRM,Microsoft-Windows-WinRM/Operational,14,4,,,,,Identify,,,,,
2025-04-18T12:23:16.707104Z,145,WIN-10087MEU94D,Microsoft-Windows-WinRM,Microsoft-Windows-WinRM/Operational,15,4,,,,,Identify,,,,NotSpecified,
2025-04-18T12:23:16.713488Z,132,WIN-10087MEU94D,Microsoft-Windows-WinRM,Microsoft-Windows-WinRM/Operational,16,4,,,,,Identify,,,,,
2025-04-18T12:23:34.363626Z,145,WIN-10087MEU94D,Microsoft-Windows-WinRM,Microsoft-Windows-WinRM/Operational,17,4,,,,,Identify,,,,NotSpecified,
2025-04-18T12:23:34.369285Z,132,WIN-10087MEU94D,Microsoft-Windows-WinRM,Microsoft-Windows-WinRM/Operational,18,4,,,,,Identify,,,,,
2025-04-18T12:23:41.094238Z,211,WIN-10087MEU94D,Microsoft-Windows-WinRM,Microsoft-Windows-WinRM/Operational,19,4,,,,,,,,,,
2025-04-18T12:23:41.618780Z,212,WIN-10087MEU94D,Microsoft-Windows-WinRM,Microsoft-Windows-WinRM/Operational,20,4,,,,,,,,,,
2026-04-05T16:48:27.295639Z,208,WIN-10087MEU94D,Microsoft-Windows-WinRM,Microsoft-Windows-WinRM/Operational,21,4,,,,,,,,,,
2026-04-05T16:48:27.585557Z,209,WIN-10087MEU94D,Microsoft-Windows-WinRM,Microsoft-Windows-WinRM/Operational,22,4,,,,,,,,,,
2026-04-05T16:50:56.913016Z,145,WIN-10087MEU94D,Microsoft-Windows-WinRM,Microsoft-Windows-WinRM/Operational,23,4,,,,,Identify,,,,NotSpecified,
2026-04-05T16:50:56.931429Z,132,WIN-10087MEU94D,Microsoft-Windows-WinRM,Microsoft-Windows-WinRM/Operational,24,4,,,,,Identify,,,,,
2026-04-05T16:52:31.670006Z,211,WIN-10087MEU94D,Microsoft-Windows-WinRM,Microsoft-Windows-WinRM/Operational,25,4,,,,,,,,,,
2026-04-05T16:52:32.206468Z,212,WIN-TTCPK05807O,Microsoft-Windows-WinRM,Microsoft-Windows-WinRM/Operational,26,4,,,,,,,,,,
2026-04-05T16:52:53.569123Z,208,WIN-TTCPK05807O,Microsoft-Windows-WinRM,Microsoft-Windows-WinRM/Operational,27,4,,,,,,,,,,
2026-04-05T16:52:54.031643Z,209,WIN-TTCPK05807O,Microsoft-Windows-WinRM,Microsoft-Windows-WinRM/Operational,28,4,,,,,,,,,,
2026-04-05T16:53:00.343628Z,211,WIN-TTCPK05807O,Microsoft-Windows-WinRM,Microsoft-Windows-WinRM/Operational,29,4,,,,,,,,,,
2026-04-05T16:53:00.854518Z,212,WIN-TTCPK05807O,Microsoft-Windows-WinRM,Microsoft-Windows-WinRM/Operational,30,4,,,,,,,,,,
2026-04-05T16:53:22.293399Z,208,WIN-TTCPK05807O,Microsoft-Windows-WinRM,Microsoft-Windows-WinRM/Operational,31,4,,,,,,,,,,
2026-04-05T16:53:22.479362Z,209,WIN-TTCPK05807O,Microsoft-Windows-WinRM,Microsoft-Windows-WinRM/Operational,32,4,,,,,,,,,,
2026-04-05T16:55:02.043772Z,145,WIN-TTCPK05807O,Microsoft-Windows-WinRM,Microsoft-Windows-WinRM/Operational,33,4,,,,,Identify,,,,NotSpecified,
2026-04-05T16:55:02.071565Z,132,WIN-TTCPK05807O,Microsoft-Windows-WinRM,Microsoft-Windows-WinRM/Operational,34,4,,,,,Identify,,,,,
2026-04-05T16:56:00.682896Z,211,WIN-TTCPK05807O,Microsoft-Windows-WinRM,Microsoft-Windows-WinRM/Operational,35,4,,,,,,,,,,
2026-04-05T16:56:01.209416Z,212,WIN-TTCPK05807O,Microsoft-Windows-WinRM,Microsoft-Windows-WinRM/Operational,36,4,,,,,,,,,,
2026-04-05T16:56:12.037073Z,208,WIN-TTCPK05807O,Microsoft-Windows-WinRM,Microsoft-Windows-WinRM/Operational,37,4,,,,,,,,,,
2026-04-05T16:56:12.718625Z,209,WIN-TTCPK05807O,Microsoft-Windows-WinRM,Microsoft-Windows-WinRM/Operational,38,4,,,,,,,,,,
2026-04-05T16:57:29.601709Z,145,WIN-TTCPK05807O,Microsoft-Windows-WinRM,Microsoft-Windows-WinRM/Operational,39,4,,,,,Identify,,,,NotSpecified,
2026-04-05T16:57:29.631264Z,132,WIN-TTCPK05807O,Microsoft-Windows-WinRM,Microsoft-Windows-WinRM/Operational,40,4,,,,,Identify,,,,,
2026-04-05T16:57:53.010934Z,145,WIN-TTCPK05807O,Microsoft-Windows-WinRM,Microsoft-Windows-WinRM/Operational,41,4,,,,,Identify,,,,NotSpecified,
2026-04-05T16:57:53.022540Z,132,WIN-TTCPK05807O,Microsoft-Windows-WinRM,Microsoft-Windows-WinRM/Operational,42,4,,,,,Identify,,,,,
2026-04-05T16:58:05.233059Z,145,WIN-TTCPK05807O,Microsoft-Windows-WinRM,Microsoft-Windows-WinRM/Operational,43,4,,,,,Identify,,,,NotSpecified,
2026-04-05T16:58:05.243380Z,132,WIN-TTCPK05807O,Microsoft-Windows-WinRM,Microsoft-Windows-WinRM/Operational,44,4,,,,,Identify,,,,,
2026-04-05T17:20:05.244506Z,211,WIN-TTCPK05807O,Microsoft-Windows-WinRM,Microsoft-Windows-WinRM/Operational,45,4,,,,,,,,,,
2026-04-05T17:20:05.804810Z,212,WIN-TTCPK05807O,Microsoft-Windows-WinRM,Microsoft-Windows-WinRM/Operational,46,4,,,,,,,,,,
2026-04-05T17:20:19.603901Z,208,WIN-TTCPK05807O,Microsoft-Windows-WinRM,Microsoft-Windows-WinRM/Operational,47,4,,,,,,,,,,
2026-04-05T17:20:19.921244Z,209,WIN-TTCPK05807O,Microsoft-Windows-WinRM,Microsoft-Windows-WinRM/Operational,48,4,,,,,,,,,,
2026-04-05T17:21:12.397740Z,211,WIN-TTCPK05807O,Microsoft-Windows-WinRM,Microsoft-Windows-WinRM/Operational,49,4,,,,,,,,,,
2026-04-05T17:21:12.923386Z,212,WIN-TTCPK05807O,Microsoft-Windows-WinRM,Microsoft-Windows-WinRM/Operational,50,4,,,,,,,,,,
2026-04-05T17:21:24.985846Z,208,WIN-TTCPK05807O,Microsoft-Windows-WinRM,Microsoft-Windows-WinRM/Operational,51,4,,,,,,,,,,
2026-04-05T17:21:25.273264Z,209,WIN-TTCPK05807O,Microsoft-Windows-WinRM,Microsoft-Windows-WinRM/Operational,52,4,,,,,,,,,,
2026-04-05T17:22:39.070589Z,145,WIN-TTCPK05807O,Microsoft-Windows-WinRM,Microsoft-Windows-WinRM/Operational,53,4,,,,,Identify,,,,NotSpecified,
2026-04-05T17:22:39.109078Z,132,WIN-TTCPK05807O,Microsoft-Windows-WinRM,Microsoft-Windows-WinRM/Operational,54,4,,,,,Identify,,,,,
2026-04-05T17:24:39.170838Z,211,WIN-TTCPK05807O,Microsoft-Windows-WinRM,Microsoft-Windows-WinRM/Operational,55,4,,,,,,,,,,
2026-04-05T17:24:39.710868Z,212,WIN-TTCPK05807O,Microsoft-Windows-WinRM,Microsoft-Windows-WinRM/Operational,56,4,,,,,,,,,,
2026-04-05T17:24:52.389058Z,208,WIN-TTCPK05807O,Microsoft-Windows-WinRM,Microsoft-Windows-WinRM/Operational,57,4,,,,,,,,,,
2026-04-05T17:24:52.916725Z,209,WIN-TTCPK05807O,Microsoft-Windows-WinRM,Microsoft-Windows-WinRM/Operational,58,4,,,,,,,,,,
2026-04-05T17:26:01.759888Z,145,WIN-TTCPK05807O,Microsoft-Windows-WinRM,Microsoft-Windows-WinRM/Operational,59,4,,,,,Identify,,,,NotSpecified,
2026-04-05T17:26:01.796981Z,132,WIN-TTCPK05807O,Microsoft-Windows-WinRM,Microsoft-Windows-WinRM/Operational,60,4,,,,,Identify,,,,,
2026-04-05T17:48:04.869932Z,145,WIN-TTCPK05807O,Microsoft-Windows-WinRM,Microsoft-Windows-WinRM/Operational,61,4,,,,,Enumeration,,,,http://schemas.microsoft.com/wbem/wsman/1/config/listener,
2026-04-05T17:48:04.908539Z,132,WIN-TTCPK05807O,Microsoft-Windows-WinRM,Microsoft-Windows-WinRM/Operational,62,4,,,,,Enumeration,,,,,
2026-04-05T17:48:05.037255Z,145,WIN-TTCPK05807O,Microsoft-Windows-WinRM,Microsoft-Windows-WinRM/Operational,63,4,,,,,Enumeration,,,,http://schemas.microsoft.com/wbem/wsman/1/windows/shell,
2026-04-05T17:48:05.042821Z,132,WIN-TTCPK05807O,Microsoft-Windows-WinRM,Microsoft-Windows-WinRM/Operational,64,4,,,,,Enumeration,,,,,
2026-04-05T17:48:54.665221Z,145,WIN-TTCPK05807O,Microsoft-Windows-WinRM,Microsoft-Windows-WinRM/Operational,65,4,,,,,Identify,,,,NotSpecified,
2026-04-05T17:48:54.676895Z,132,WIN-TTCPK05807O,Microsoft-Windows-WinRM,Microsoft-Windows-WinRM/Operational,66,4,,,,,Identify,,,,,
2026-04-05T17:49:00.306567Z,211,WIN-TTCPK05807O,Microsoft-Windows-WinRM,Microsoft-Windows-WinRM/Operational,67,4,,,,,,,,,,
2026-04-05T17:49:00.843498Z,212,WIN-TTCPK05807O,Microsoft-Windows-WinRM,Microsoft-Windows-WinRM/Operational,68,4,,,,,,,,,,
2026-04-05T17:50:57.581543Z,208,WIN-TTCPK05807O,Microsoft-Windows-WinRM,Microsoft-Windows-WinRM/Operational,69,4,,,,,,,,,,
2026-04-05T17:50:58.242977Z,209,WIN-TTCPK05807O,Microsoft-Windows-WinRM,Microsoft-Windows-WinRM/Operational,70,4,,,,,,,,,,
2026-04-05T17:51:22.430699Z,145,WIN-TTCPK05807O,Microsoft-Windows-WinRM,Microsoft-Windows-WinRM/Operational,71,4,,,,,Enumeration,,,,http://schemas.microsoft.com/wbem/wsman/1/config/listener,
2026-04-05T17:51:22.820170Z,132,WIN-TTCPK05807O,Microsoft-Windows-WinRM,Microsoft-Windows-WinRM/Operational,72,4,,,,,Enumeration,,,,,
2026-04-05T17:51:23.079398Z,145,WIN-TTCPK05807O,Microsoft-Windows-WinRM,Microsoft-Windows-WinRM/Operational,73,4,,,,,Enumeration,,,,http://schemas.microsoft.com/wbem/wsman/1/windows/shell,
2026-04-05T17:51:23.085552Z,132,WIN-TTCPK05807O,Microsoft-Windows-WinRM,Microsoft-Windows-WinRM/Operational,74,4,,,,,Enumeration,,,,,
2026-04-05T20:21:44.951189Z,145,WIN-TTCPK05807O,Microsoft-Windows-WinRM,Microsoft-Windows-WinRM/Operational,75,4,,,,,Identify,,,,NotSpecified,
2026-04-05T20:21:44.984609Z,132,WIN-TTCPK05807O,Microsoft-Windows-WinRM,Microsoft-Windows-WinRM/Operational,76,4,,,,,Identify,,,,,
2026-04-05T20:22:03.296138Z,211,WIN-TTCPK05807O,Microsoft-Windows-WinRM,Microsoft-Windows-WinRM/Operational,77,4,,,,,,,,,,
2026-04-05T20:22:03.809729Z,212,DC01,Microsoft-Windows-WinRM,Microsoft-Windows-WinRM/Operational,78,4,,,,,,,,,,
2026-04-05T20:22:20.341103Z,208,DC01,Microsoft-Windows-WinRM,Microsoft-Windows-WinRM/Operational,79,4,,,,,,,,,,
2026-04-05T20:22:21.801952Z,209,DC01,Microsoft-Windows-WinRM,Microsoft-Windows-WinRM/Operational,80,4,,,,,,,,,,
2026-04-05T20:22:45.311117Z,145,DC01,Microsoft-Windows-WinRM,Microsoft-Windows-WinRM/Operational,81,4,,,,,Enumeration,,,,http://schemas.microsoft.com/wbem/wsman/1/config/listener,
2026-04-05T20:22:45.694053Z,132,DC01,Microsoft-Windows-WinRM,Microsoft-Windows-WinRM/Operational,82,4,,,,,Enumeration,,,,,
2026-04-05T20:22:45.952788Z,145,DC01,Microsoft-Windows-WinRM,Microsoft-Windows-WinRM/Operational,83,4,,,,,Enumeration,,,,http://schemas.microsoft.com/wbem/wsman/1/windows/shell,
2026-04-05T20:22:45.958441Z,132,DC01,Microsoft-Windows-WinRM,Microsoft-Windows-WinRM/Operational,84,4,,,,,Enumeration,,,,,
2026-04-05T20:23:44.590415Z,145,DC01,Microsoft-Windows-WinRM,Microsoft-Windows-WinRM/Operational,85,4,,,,,Identify,,,,NotSpecified,
2026-04-05T20:23:44.619128Z,132,DC01,Microsoft-Windows-WinRM,Microsoft-Windows-WinRM/Operational,86,4,,,,,Identify,,,,,
2026-04-05T20:23:51.043633Z,211,DC01,Microsoft-Windows-WinRM,Microsoft-Windows-WinRM/Operational,87,4,,,,,,,,,,
2026-04-05T20:23:51.557113Z,212,DC01,Microsoft-Windows-WinRM,Microsoft-Windows-WinRM/Operational,88,4,,,,,,,,,,
2026-04-06T08:41:27.425625Z,208,DC01,Microsoft-Windows-WinRM,Microsoft-Windows-WinRM/Operational,89,4,,,,,,,,,,
2026-04-06T08:41:29.109382Z,209,DC01,Microsoft-Windows-WinRM,Microsoft-Windows-WinRM/Operational,90,4,,,,,,,,,,
2026-04-06T08:41:53.219155Z,145,DC01,Microsoft-Windows-WinRM,Microsoft-Windows-WinRM/Operational,91,4,,,,,Enumeration,,,,http://schemas.microsoft.com/wbem/wsman/1/config/listener,
2026-04-06T08:41:53.271144Z,132,DC01,Microsoft-Windows-WinRM,Microsoft-Windows-WinRM/Operational,92,4,,,,,Enumeration,,,,,
2026-04-06T08:41:53.553227Z,145,DC01,Microsoft-Windows-WinRM,Microsoft-Windows-WinRM/Operational,93,4,,,,,Enumeration,,,,http://schemas.microsoft.com/wbem/wsman/1/windows/shell,
2026-04-06T08:41:53.559541Z,132,DC01,Microsoft-Windows-WinRM,Microsoft-Windows-WinRM/Operational,94,4,,,,,Enumeration,,,,,
2026-04-06T08:42:22.129554Z,145,DC01,Microsoft-Windows-WinRM,Microsoft-Windows-WinRM/Operational,95,4,,,,,Identify,,,,NotSpecified,
2026-04-06T08:42:22.157782Z,132,DC01,Microsoft-Windows-WinRM,Microsoft-Windows-WinRM/Operational,96,4,,,,,Identify,,,,,
2026-04-06T08:53:37.479866Z,211,DC01,Microsoft-Windows-WinRM,Microsoft-Windows-WinRM/Operational,97,4,,,,,,,,,,
2026-04-06T08:53:37.995113Z,212,DC01,Microsoft-Windows-WinRM,Microsoft-Windows-WinRM/Operational,98,4,,,,,,,,,,
2026-04-06T08:54:05.467614Z,208,DC01,Microsoft-Windows-WinRM,Microsoft-Windows-WinRM/Operational,99,4,,,,,,,,,,
2026-04-06T08:54:07.098242Z,209,DC01,Microsoft-Windows-WinRM,Microsoft-Windows-WinRM/Operational,100,4,,,,,,,,,,
2026-04-06T08:54:32.307285Z,145,DC01,Microsoft-Windows-WinRM,Microsoft-Windows-WinRM/Operational,101,4,,,,,Enumeration,,,,http://schemas.microsoft.com/wbem/wsman/1/config/listener,
2026-04-06T08:54:32.362720Z,132,DC01,Microsoft-Windows-WinRM,Microsoft-Windows-WinRM/Operational,102,4,,,,,Enumeration,,,,,
2026-04-06T08:54:33.088228Z,145,DC01,Microsoft-Windows-WinRM,Microsoft-Windows-WinRM/Operational,103,4,,,,,Enumeration,,,,http://schemas.microsoft.com/wbem/wsman/1/windows/shell,
2026-04-06T08:54:33.095732Z,132,DC01,Microsoft-Windows-WinRM,Microsoft-Windows-WinRM/Operational,104,4,,,,,Enumeration,,,,,
2026-04-06T08:56:27.198078Z,145,DC01,Microsoft-Windows-WinRM,Microsoft-Windows-WinRM/Operational,105,4,,,,,Identify,,,,NotSpecified,
2026-04-06T08:56:27.252574Z,132,DC01,Microsoft-Windows-WinRM,Microsoft-Windows-WinRM/Operational,106,4,,,,,Identify,,,,,
2026-04-06T08:59:40.642948Z,211,DC01,Microsoft-Windows-WinRM,Microsoft-Windows-WinRM/Operational,107,4,,,,,,,,,,
2026-04-06T08:59:41.184226Z,212,DC01.darkzero.htb,Microsoft-Windows-WinRM,Microsoft-Windows-WinRM/Operational,108,4,,,,,,,,,,
2026-04-06T09:00:18.458598Z,208,DC01.darkzero.htb,Microsoft-Windows-WinRM,Microsoft-Windows-WinRM/Operational,109,4,,,,,,,,,,
2026-04-06T09:00:21.674219Z,209,DC01.darkzero.htb,Microsoft-Windows-WinRM,Microsoft-Windows-WinRM/Operational,110,4,,,,,,,,,,
2026-04-06T09:00:32.007255Z,145,DC01.darkzero.htb,Microsoft-Windows-WinRM,Microsoft-Windows-WinRM/Operational,111,4,,,,,Enumeration,,,,http://schemas.microsoft.com/wbem/wsman/1/config/listener,
2026-04-06T09:00:32.515056Z,132,DC01.darkzero.htb,Microsoft-Windows-WinRM,Microsoft-Windows-WinRM/Operational,112,4,,,,,Enumeration,,,,,
2026-04-06T09:00:33.486767Z,145,DC01.darkzero.htb,Microsoft-Windows-WinRM,Microsoft-Windows-WinRM/Operational,113,4,,,,,Enumeration,,,,http://schemas.microsoft.com/wbem/wsman/1/windows/shell,
2026-04-06T09:00:33.497439Z,132,DC01.darkzero.htb,Microsoft-Windows-WinRM,Microsoft-Windows-WinRM/Operational,114,4,,,,,Enumeration,,,,,
2026-04-06T09:01:35.695799Z,145,DC01.darkzero.htb,Microsoft-Windows-WinRM,Microsoft-Windows-WinRM/Operational,115,4,,,,,Identify,,,,NotSpecified,
2026-04-06T09:01:35.739396Z,132,DC01.darkzero.htb,Microsoft-Windows-WinRM,Microsoft-Windows-WinRM/Operational,116,4,,,,,Identify,,,,,
2026-04-06T09:17:54.511775Z,145,DC01.darkzero.htb,Microsoft-Windows-WinRM,Microsoft-Windows-WinRM/Operational,117,4,,,,,Identify,,,,NotSpecified,
2026-04-06T09:17:54.546517Z,132,DC01.darkzero.htb,Microsoft-Windows-WinRM,Microsoft-Windows-WinRM/Operational,118,4,,,,,Identify,,,,,
2026-04-06T09:40:43.691383Z,211,DC01.darkzero.htb,Microsoft-Windows-WinRM,Microsoft-Windows-WinRM/Operational,119,4,,,,,,,,,,
2026-04-06T09:40:44.250900Z,212,DC01.darkzero.htb,Microsoft-Windows-WinRM,Microsoft-Windows-WinRM/Operational,120,4,,,,,,,,,,
2026-04-06T09:45:40.338882Z,208,DC01.darkzero.htb,Microsoft-Windows-WinRM,Microsoft-Windows-WinRM/Operational,121,4,,,,,,,,,,
2026-04-06T09:45:41.839237Z,209,DC01.darkzero.htb,Microsoft-Windows-WinRM,Microsoft-Windows-WinRM/Operational,122,4,,,,,,,,,,
2026-04-06T09:46:05.871657Z,145,DC01.darkzero.htb,Microsoft-Windows-WinRM,Microsoft-Windows-WinRM/Operational,123,4,,,,,Enumeration,,,,http://schemas.microsoft.com/wbem/wsman/1/config/listener,
2026-04-06T09:46:05.935595Z,132,DC01.darkzero.htb,Microsoft-Windows-WinRM,Microsoft-Windows-WinRM/Operational,124,4,,,,,Enumeration,,,,,
2026-04-06T09:46:06.113644Z,145,DC01.darkzero.htb,Microsoft-Windows-WinRM,Microsoft-Windows-WinRM/Operational,125,4,,,,,Enumeration,,,,http://schemas.microsoft.com/wbem/wsman/1/windows/shell,
2026-04-06T09:46:06.122214Z,132,DC01.darkzero.htb,Microsoft-Windows-WinRM,Microsoft-Windows-WinRM/Operational,126,4,,,,,Enumeration,,,,,
2026-04-06T09:47:05.659293Z,145,DC01.darkzero.htb,Microsoft-Windows-WinRM,Microsoft-Windows-WinRM/Operational,127,4,,,,,Identify,,,,NotSpecified,
2026-04-06T09:47:05.686450Z,132,DC01.darkzero.htb,Microsoft-Windows-WinRM,Microsoft-Windows-WinRM/Operational,128,4,,,,,Identify,,,,,
2026-04-06T10:31:13.092284Z,145,DC01.darkzero.htb,Microsoft-Windows-WinRM,Microsoft-Windows-WinRM/Operational,129,4,,,,,Enumeration,,,,http://schemas.microsoft.com/wbem/wsman/1/config/listener,
2026-04-06T10:31:13.376554Z,132,DC01.darkzero.htb,Microsoft-Windows-WinRM,Microsoft-Windows-WinRM/Operational,130,4,,,,,Enumeration,,,,,
2026-04-06T10:31:13.752015Z,145,DC01.darkzero.htb,Microsoft-Windows-WinRM,Microsoft-Windows-WinRM/Operational,131,4,,,,,Enumeration,,,,http://schemas.microsoft.com/wbem/wsman/1/windows/shell,
2026-04-06T10:31:13.763838Z,132,DC01.darkzero.htb,Microsoft-Windows-WinRM,Microsoft-Windows-WinRM/Operational,132,4,,,,,Enumeration,,,,,
2026-04-06T12:02:03.902651Z,211,DC01.darkzero.htb,Microsoft-Windows-WinRM,Microsoft-Windows-WinRM/Operational,133,4,,,,,,,,,,
2026-04-06T12:02:04.455515Z,212,DC01.darkzero.htb,Microsoft-Windows-WinRM,Microsoft-Windows-WinRM/Operational,134,4,,,,,,,,,,
2026-04-06T12:04:41.306550Z,208,DC01.darkzero.htb,Microsoft-Windows-WinRM,Microsoft-Windows-WinRM/Operational,135,4,,,,,,,,,,
2026-04-06T12:04:42.385000Z,209,DC01.darkzero.htb,Microsoft-Windows-WinRM,Microsoft-Windows-WinRM/Operational,136,4,,,,,,,,,,
2026-04-06T12:05:07.706761Z,145,DC01.darkzero.htb,Microsoft-Windows-WinRM,Microsoft-Windows-WinRM/Operational,137,4,,,,,Enumeration,,,,http://schemas.microsoft.com/wbem/wsman/1/config/listener,
2026-04-06T12:05:08.370331Z,132,DC01.darkzero.htb,Microsoft-Windows-WinRM,Microsoft-Windows-WinRM/Operational,138,4,,,,,Enumeration,,,,,
2026-04-06T12:05:08.437260Z,145,DC01.darkzero.htb,Microsoft-Windows-WinRM,Microsoft-Windows-WinRM/Operational,139,4,,,,,Enumeration,,,,http://schemas.microsoft.com/wbem/wsman/1/windows/shell,
2026-04-06T12:05:08.447553Z,132,DC01.darkzero.htb,Microsoft-Windows-WinRM,Microsoft-Windows-WinRM/Operational,140,4,,,,,Enumeration,,,,,
2026-04-06T12:07:23.637758Z,145,DC01.darkzero.htb,Microsoft-Windows-WinRM,Microsoft-Windows-WinRM/Operational,141,4,,,,,Identify,,,,NotSpecified,
2026-04-06T12:07:23.714150Z,132,DC01.darkzero.htb,Microsoft-Windows-WinRM,Microsoft-Windows-WinRM/Operational,142,4,,,,,Identify,,,,,
2026-04-06T14:31:43.541251Z,145,DC01.darkzero.htb,Microsoft-Windows-WinRM,Microsoft-Windows-WinRM/Operational,143,4,,,,,Identify,,,,NotSpecified,
2026-04-06T14:31:43.977124Z,132,DC01.darkzero.htb,Microsoft-Windows-WinRM,Microsoft-Windows-WinRM/Operational,144,4,,,,,Identify,,,,,
2026-04-06T14:34:31.811318Z,145,DC01.darkzero.htb,Microsoft-Windows-WinRM,Microsoft-Windows-WinRM/Operational,145,4,,,,,Identify,,,,NotSpecified,
2026-04-06T14:34:31.822977Z,132,DC01.darkzero.htb,Microsoft-Windows-WinRM,Microsoft-Windows-WinRM/Operational,146,4,,,,,Identify,,,,,
2026-04-06T14:34:42.461077Z,211,DC01.darkzero.htb,Microsoft-Windows-WinRM,Microsoft-Windows-WinRM/Operational,147,4,,,,,,,,,,
2026-04-06T14:34:43.031994Z,212,DC01.darkzero.htb,Microsoft-Windows-WinRM,Microsoft-Windows-WinRM/Operational,148,4,,,,,,,,,,
2026-04-27T11:05:40.041220Z,208,DC01.darkzero.htb,Microsoft-Windows-WinRM,Microsoft-Windows-WinRM/Operational,149,4,,,,,,,,,,
2026-04-27T11:05:41.447409Z,209,DC01.darkzero.htb,Microsoft-Windows-WinRM,Microsoft-Windows-WinRM/Operational,150,4,,,,,,,,,,
2026-04-27T11:06:04.716472Z,145,DC01.darkzero.htb,Microsoft-Windows-WinRM,Microsoft-Windows-WinRM/Operational,151,4,,,,,Enumeration,,,,http://schemas.microsoft.com/wbem/wsman/1/config/listener,
2026-04-27T11:06:06.391064Z,132,DC01.darkzero.htb,Microsoft-Windows-WinRM,Microsoft-Windows-WinRM/Operational,152,4,,,,,Enumeration,,,,,
2026-04-27T11:06:06.476898Z,145,DC01.darkzero.htb,Microsoft-Windows-WinRM,Microsoft-Windows-WinRM/Operational,153,4,,,,,Enumeration,,,,http://schemas.microsoft.com/wbem/wsman/1/windows/shell,
2026-04-27T11:06:06.500443Z,132,DC01.darkzero.htb,Microsoft-Windows-WinRM,Microsoft-Windows-WinRM/Operational,154,4,,,,,Enumeration,,,,,
2026-04-27T12:18:34.802939Z,145,DC01.darkzero.htb,Microsoft-Windows-WinRM,Microsoft-Windows-WinRM/Operational,155,4,,,,,Identify,,,,NotSpecified,
2026-04-27T12:18:34.830239Z,132,DC01.darkzero.htb,Microsoft-Windows-WinRM,Microsoft-Windows-WinRM/Operational,156,4,,,,,Identify,,,,,
2026-04-27T12:21:10.323895Z,211,DC01.darkzero.htb,Microsoft-Windows-WinRM,Microsoft-Windows-WinRM/Operational,157,4,,,,,,,,,,
2026-04-27T12:21:10.874349Z,212,DC01.darkzero.htb,Microsoft-Windows-WinRM,Microsoft-Windows-WinRM/Operational,158,4,,,,,,,,,,
2026-05-18T12:30:32.231652Z,208,DC01.darkzero.htb,Microsoft-Windows-WinRM,Microsoft-Windows-WinRM/Operational,159,4,,,,,,,,,,
2026-05-18T12:30:33.499927Z,209,DC01.darkzero.htb,Microsoft-Windows-WinRM,Microsoft-Windows-WinRM/Operational,160,4,,,,,,,,,,
2026-05-18T12:30:57.458786Z,145,DC01.darkzero.htb,Microsoft-Windows-WinRM,Microsoft-Windows-WinRM/Operational,161,4,,,,,Enumeration,,,,http://schemas.microsoft.com/wbem/wsman/1/config/listener,
2026-05-18T12:30:58.688996Z,132,DC01.darkzero.htb,Microsoft-Windows-WinRM,Microsoft-Windows-WinRM/Operational,162,4,,,,,Enumeration,,,,,
2026-05-18T12:30:59.005324Z,145,DC01.darkzero.htb,Microsoft-Windows-WinRM,Microsoft-Windows-WinRM/Operational,163,4,,,,,Enumeration,,,,http://schemas.microsoft.com/wbem/wsman/1/windows/shell,
2026-05-18T12:30:59.023335Z,132,DC01.darkzero.htb,Microsoft-Windows-WinRM,Microsoft-Windows-WinRM/Operational,164,4,,,,,Enumeration,,,,,
2026-05-18T12:40:05.689012Z,145,DC01.darkzero.htb,Microsoft-Windows-WinRM,Microsoft-Windows-WinRM/Operational,165,4,,,,,Identify,,,,NotSpecified,
2026-05-18T12:40:05.703490Z,132,DC01.darkzero.htb,Microsoft-Windows-WinRM,Microsoft-Windows-WinRM/Operational,166,4,,,,,Identify,,,,,
2026-05-18T14:09:25.371156Z,211,DC01.darkzero.htb,Microsoft-Windows-WinRM,Microsoft-Windows-WinRM/Operational,167,4,,,,,,,,,,
2026-05-18T14:09:25.954139Z,212,DC01.darkzero.htb,Microsoft-Windows-WinRM,Microsoft-Windows-WinRM/Operational,168,4,,,,,,,,,,
2026-05-18T14:27:04.365538Z,208,DC01.darkzero.htb,Microsoft-Windows-WinRM,Microsoft-Windows-WinRM/Operational,169,4,,,,,,,,,,
2026-05-18T14:27:05.946531Z,209,DC01.darkzero.htb,Microsoft-Windows-WinRM,Microsoft-Windows-WinRM/Operational,170,4,,,,,,,,,,
2026-05-18T14:27:28.950551Z,145,DC01.darkzero.htb,Microsoft-Windows-WinRM,Microsoft-Windows-WinRM/Operational,171,4,,,,,Enumeration,,,,http://schemas.microsoft.com/wbem/wsman/1/config/listener,
2026-05-18T14:27:29.024781Z,132,DC01.darkzero.htb,Microsoft-Windows-WinRM,Microsoft-Windows-WinRM/Operational,172,4,,,,,Enumeration,,,,,
2026-05-18T14:27:29.097647Z,145,DC01.darkzero.htb,Microsoft-Windows-WinRM,Microsoft-Windows-WinRM/Operational,173,4,,,,,Enumeration,,,,http://schemas.microsoft.com/wbem/wsman/1/windows/shell,
2026-05-18T14:27:29.106082Z,132,DC01.darkzero.htb,Microsoft-Windows-WinRM,Microsoft-Windows-WinRM/Operational,174,4,,,,,Enumeration,,,,,
2026-05-18T14:28:23.472916Z,145,DC01.darkzero.htb,Microsoft-Windows-WinRM,Microsoft-Windows-WinRM/Operational,175,4,,,,,Identify,,,,NotSpecified,
2026-05-18T14:28:23.483491Z,132,DC01.darkzero.htb,Microsoft-Windows-WinRM,Microsoft-Windows-WinRM/Operational,176,4,,,,,Identify,,,,,
2026-05-18T14:29:07.269469Z,145,DC01.darkzero.htb,Microsoft-Windows-WinRM,Microsoft-Windows-WinRM/Operational,177,4,,,,,Identify,,,,NotSpecified,
2026-05-18T14:29:07.280307Z,132,DC01.darkzero.htb,Microsoft-Windows-WinRM,Microsoft-Windows-WinRM/Operational,178,4,,,,,Identify,,,,,
2026-05-18T14:31:51.432844Z,211,DC01.darkzero.htb,Microsoft-Windows-WinRM,Microsoft-Windows-WinRM/Operational,179,4,,,,,,,,,,
2026-05-18T14:31:51.972901Z,212,DC01.darkzero.htb,Microsoft-Windows-WinRM,Microsoft-Windows-WinRM/Operational,180,4,,,,,,,,,,
2026-05-20T13:06:29.508414Z,208,DC01.darkzero.htb,Microsoft-Windows-WinRM,Microsoft-Windows-WinRM/Operational,181,4,,,,,,,,,,
2026-05-20T13:06:31.075553Z,209,DC01.darkzero.htb,Microsoft-Windows-WinRM,Microsoft-Windows-WinRM/Operational,182,4,,,,,,,,,,
2026-05-20T13:06:54.352073Z,145,DC01.darkzero.htb,Microsoft-Windows-WinRM,Microsoft-Windows-WinRM/Operational,183,4,,,,,Enumeration,,,,http://schemas.microsoft.com/wbem/wsman/1/config/listener,
2026-05-20T13:06:54.422563Z,132,DC01.darkzero.htb,Microsoft-Windows-WinRM,Microsoft-Windows-WinRM/Operational,184,4,,,,,Enumeration,,,,,
2026-05-20T13:06:54.662906Z,145,DC01.darkzero.htb,Microsoft-Windows-WinRM,Microsoft-Windows-WinRM/Operational,185,4,,,,,Enumeration,,,,http://schemas.microsoft.com/wbem/wsman/1/windows/shell,
2026-05-20T13:06:54.671483Z,132,DC01.darkzero.htb,Microsoft-Windows-WinRM,Microsoft-Windows-WinRM/Operational,186,4,,,,,Enumeration,,,,,
2026-05-20T13:10:09.135229Z,145,DC01.darkzero.htb,Microsoft-Windows-WinRM,Microsoft-Windows-WinRM/Operational,187,4,,,,,Identify,,,,NotSpecified,
2026-05-20T13:10:09.146316Z,132,DC01.darkzero.htb,Microsoft-Windows-WinRM,Microsoft-Windows-WinRM/Operational,188,4,,,,,Identify,,,,,
2026-05-20T13:42:58.791681Z,211,DC01.darkzero.htb,Microsoft-Windows-WinRM,Microsoft-Windows-WinRM/Operational,189,4,,,,,,,,,,
2026-05-20T13:42:59.373819Z,212,DC01.darkzero.htb,Microsoft-Windows-WinRM,Microsoft-Windows-WinRM/Operational,190,4,,,,,,,,,,
2026-05-20T14:32:58.047222Z,208,DC01.darkzero.htb,Microsoft-Windows-WinRM,Microsoft-Windows-WinRM/Operational,191,4,,,,,,,,,,
2026-05-20T14:32:59.244755Z,209,DC01.darkzero.htb,Microsoft-Windows-WinRM,Microsoft-Windows-WinRM/Operational,192,4,,,,,,,,,,
2026-05-20T14:33:23.741667Z,145,DC01.darkzero.htb,Microsoft-Windows-WinRM,Microsoft-Windows-WinRM/Operational,193,4,,,,,Enumeration,,,,http://schemas.microsoft.com/wbem/wsman/1/config/listener,
2026-05-20T14:33:23.855004Z,161,DC01.darkzero.htb,Microsoft-Windows-WinRM,Microsoft-Windows-WinRM/Operational,194,2,"WinRM cannot process the request. The following error with errorcode 0x80090350 occurred while using Negotiate authentication: An unknown security error occurred.  
 Possible causes are:
  -The user name or password specified are invalid.
  -Kerberos is used when no authentication method and no user name are specified.
  -Kerberos accepts domain user names, but not local user names.
  -The Service Principal Name (SPN) for the remote computer name and port does not exist.
  -The client and remote computers are in different domains and there is no trust between the two domains.
 After checking for the above issues, try the following:
  -Check the Event Viewer for events related to authentication.
  -Change the authentication method; add the destination computer to the WinRM TrustedHosts configuration setting or use HTTPS transport.
 Note that computers in the TrustedHosts list might not be authenticated.
   -For more information about WinRM configuration, run the following command: winrm help config.",,,,,,,,,
2026-05-20T14:33:23.855309Z,142,DC01.darkzero.htb,Microsoft-Windows-WinRM,Microsoft-Windows-WinRM/Operational,195,2,,,,2150858909,Enumeration,,,,,
2026-05-20T14:49:33.302826Z,145,DC01.darkzero.htb,Microsoft-Windows-WinRM,Microsoft-Windows-WinRM/Operational,196,4,,,,,Identify,,,,NotSpecified,
2026-05-20T14:49:33.313581Z,132,DC01.darkzero.htb,Microsoft-Windows-WinRM,Microsoft-Windows-WinRM/Operational,197,4,,,,,Identify,,,,,
2026-05-20T15:12:30.161188Z,211,DC01.darkzero.htb,Microsoft-Windows-WinRM,Microsoft-Windows-WinRM/Operational,198,4,,,,,,,,,,
2026-05-20T15:12:31.225712Z,212,DC01.darkzero.htb,Microsoft-Windows-WinRM,Microsoft-Windows-WinRM/Operational,199,4,,,,,,,,,,
2026-05-20T22:25:45.830771Z,208,DC01.darkzero.htb,Microsoft-Windows-WinRM,Microsoft-Windows-WinRM/Operational,200,4,,,,,,,,,,
2026-05-20T22:25:47.271003Z,209,DC01.darkzero.htb,Microsoft-Windows-WinRM,Microsoft-Windows-WinRM/Operational,201,4,,,,,,,,,,
2026-05-20T22:26:12.107139Z,145,DC01.darkzero.htb,Microsoft-Windows-WinRM,Microsoft-Windows-WinRM/Operational,202,4,,,,,Enumeration,,,,http://schemas.microsoft.com/wbem/wsman/1/config/listener,
2026-05-20T22:26:12.427338Z,132,DC01.darkzero.htb,Microsoft-Windows-WinRM,Microsoft-Windows-WinRM/Operational,203,4,,,,,Enumeration,,,,,
2026-05-20T22:26:12.501732Z,145,DC01.darkzero.htb,Microsoft-Windows-WinRM,Microsoft-Windows-WinRM/Operational,204,4,,,,,Enumeration,,,,http://schemas.microsoft.com/wbem/wsman/1/windows/shell,
2026-05-20T22:26:12.510943Z,132,DC01.darkzero.htb,Microsoft-Windows-WinRM,Microsoft-Windows-WinRM/Operational,205,4,,,,,Enumeration,,,,,
2026-05-20T23:42:55.174815Z,145,DC01.darkzero.htb,Microsoft-Windows-WinRM,Microsoft-Windows-WinRM/Operational,206,4,,,,,Identify,,,,NotSpecified,
2026-05-20T23:42:55.185686Z,132,DC01.darkzero.htb,Microsoft-Windows-WinRM,Microsoft-Windows-WinRM/Operational,207,4,,,,,Identify,,,,,
2026-05-20T23:43:03.342624Z,211,DC01.darkzero.htb,Microsoft-Windows-WinRM,Microsoft-Windows-WinRM/Operational,208,4,,,,,,,,,,
2026-05-20T23:43:04.427570Z,212,DC01.darkzero.htb,Microsoft-Windows-WinRM,Microsoft-Windows-WinRM/Operational,209,4,,,,,,,,,,
2026-05-21T08:43:17.725245Z,208,DC01.darkzero.htb,Microsoft-Windows-WinRM,Microsoft-Windows-WinRM/Operational,210,4,,,,,,,,,,
2026-05-21T08:43:19.039887Z,209,DC01.darkzero.htb,Microsoft-Windows-WinRM,Microsoft-Windows-WinRM/Operational,211,4,,,,,,,,,,
2026-05-21T08:43:43.888620Z,145,DC01.darkzero.htb,Microsoft-Windows-WinRM,Microsoft-Windows-WinRM/Operational,212,4,,,,,Enumeration,,,,http://schemas.microsoft.com/wbem/wsman/1/config/listener,
2026-05-21T08:43:44.189222Z,132,DC01.darkzero.htb,Microsoft-Windows-WinRM,Microsoft-Windows-WinRM/Operational,213,4,,,,,Enumeration,,,,,
2026-05-21T08:43:44.257965Z,145,DC01.darkzero.htb,Microsoft-Windows-WinRM,Microsoft-Windows-WinRM/Operational,214,4,,,,,Enumeration,,,,http://schemas.microsoft.com/wbem/wsman/1/windows/shell,
2026-05-21T08:43:44.267821Z,132,DC01.darkzero.htb,Microsoft-Windows-WinRM,Microsoft-Windows-WinRM/Operational,215,4,,,,,Enumeration,,,,,
2026-05-21T08:44:57.131079Z,145,DC01.darkzero.htb,Microsoft-Windows-WinRM,Microsoft-Windows-WinRM/Operational,216,4,,,,,Identify,,,,NotSpecified,
2026-05-21T08:44:57.310575Z,132,DC01.darkzero.htb,Microsoft-Windows-WinRM,Microsoft-Windows-WinRM/Operational,217,4,,,,,Identify,,,,,
2026-05-21T11:01:59.058604Z,145,DC01.darkzero.htb,Microsoft-Windows-WinRM,Microsoft-Windows-WinRM/Operational,218,4,,,,,Identify,,,,NotSpecified,
2026-05-21T11:01:59.069729Z,132,DC01.darkzero.htb,Microsoft-Windows-WinRM,Microsoft-Windows-WinRM/Operational,219,4,,,,,Identify,,,,,
2026-05-21T11:02:07.050533Z,211,DC01.darkzero.htb,Microsoft-Windows-WinRM,Microsoft-Windows-WinRM/Operational,220,4,,,,,,,,,,
2026-05-21T11:02:07.642731Z,212,DC01.darkzero.htb,Microsoft-Windows-WinRM,Microsoft-Windows-WinRM/Operational,221,4,,,,,,,,,,
2026-05-21T11:45:06.178555Z,208,DC01.darkzero.htb,Microsoft-Windows-WinRM,Microsoft-Windows-WinRM/Operational,222,4,,,,,,,,,,
2026-05-21T11:45:07.455581Z,209,DC01.darkzero.htb,Microsoft-Windows-WinRM,Microsoft-Windows-WinRM/Operational,223,4,,,,,,,,,,
2026-05-21T11:45:32.067242Z,145,DC01.darkzero.htb,Microsoft-Windows-WinRM,Microsoft-Windows-WinRM/Operational,224,4,,,,,Enumeration,,,,http://schemas.microsoft.com/wbem/wsman/1/config/listener,
2026-05-21T11:45:32.352949Z,132,DC01.darkzero.htb,Microsoft-Windows-WinRM,Microsoft-Windows-WinRM/Operational,225,4,,,,,Enumeration,,,,,
2026-05-21T11:45:32.507103Z,145,DC01.darkzero.htb,Microsoft-Windows-WinRM,Microsoft-Windows-WinRM/Operational,226,4,,,,,Enumeration,,,,http://schemas.microsoft.com/wbem/wsman/1/windows/shell,
2026-05-21T11:45:32.516094Z,132,DC01.darkzero.htb,Microsoft-Windows-WinRM,Microsoft-Windows-WinRM/Operational,227,4,,,,,Enumeration,,,,,
2026-05-21T11:47:07.163325Z,145,DC01.darkzero.htb,Microsoft-Windows-WinRM,Microsoft-Windows-WinRM/Operational,228,4,,,,,Identify,,,,NotSpecified,
2026-05-21T11:47:07.174791Z,132,DC01.darkzero.htb,Microsoft-Windows-WinRM,Microsoft-Windows-WinRM/Operational,229,4,,,,,Identify,,,,,
2026-05-21T11:57:35.818543Z,211,DC01.darkzero.htb,Microsoft-Windows-WinRM,Microsoft-Windows-WinRM/Operational,230,4,,,,,,,,,,
2026-05-21T11:57:36.406786Z,212,DC01.darkzero.htb,Microsoft-Windows-WinRM,Microsoft-Windows-WinRM/Operational,231,4,,,,,,,,,,
2026-05-21T21:04:53.488123Z,208,DC01.darkzero.htb,Microsoft-Windows-WinRM,Microsoft-Windows-WinRM/Operational,232,4,,,,,,,,,,
2026-05-21T21:04:54.832235Z,209,DC01.darkzero.htb,Microsoft-Windows-WinRM,Microsoft-Windows-WinRM/Operational,233,4,,,,,,,,,,
2026-05-21T21:05:20.147812Z,145,DC01.darkzero.htb,Microsoft-Windows-WinRM,Microsoft-Windows-WinRM/Operational,234,4,,,,,Enumeration,,,,http://schemas.microsoft.com/wbem/wsman/1/config/listener,
2026-05-21T21:05:20.238611Z,132,DC01.darkzero.htb,Microsoft-Windows-WinRM,Microsoft-Windows-WinRM/Operational,235,4,,,,,Enumeration,,,,,
2026-05-21T21:05:20.605293Z,145,DC01.darkzero.htb,Microsoft-Windows-WinRM,Microsoft-Windows-WinRM/Operational,236,4,,,,,Enumeration,,,,http://schemas.microsoft.com/wbem/wsman/1/windows/shell,
2026-05-21T21:05:20.613675Z,132,DC01.darkzero.htb,Microsoft-Windows-WinRM,Microsoft-Windows-WinRM/Operational,237,4,,,,,Enumeration,,,,,
2026-05-21T21:27:50.369249Z,145,DC01.darkzero.htb,Microsoft-Windows-WinRM,Microsoft-Windows-WinRM/Operational,238,4,,,,,Identify,,,,NotSpecified,
2026-05-21T21:27:50.379880Z,132,DC01.darkzero.htb,Microsoft-Windows-WinRM,Microsoft-Windows-WinRM/Operational,239,4,,,,,Identify,,,,,
2026-05-21T21:47:25.022621Z,145,DC01.darkzero.htb,Microsoft-Windows-WinRM,Microsoft-Windows-WinRM/Operational,240,4,,,,,Identify,,,,NotSpecified,
2026-05-21T21:47:25.034859Z,132,DC01.darkzero.htb,Microsoft-Windows-WinRM,Microsoft-Windows-WinRM/Operational,241,4,,,,,Identify,,,,,
2026-05-21T21:47:33.296433Z,145,DC01.darkzero.htb,Microsoft-Windows-WinRM,Microsoft-Windows-WinRM/Operational,242,4,,,,,Identify,,,,NotSpecified,
2026-05-21T21:47:33.313231Z,132,DC01.darkzero.htb,Microsoft-Windows-WinRM,Microsoft-Windows-WinRM/Operational,243,4,,,,,Identify,,,,,
2026-05-21T22:02:28.306561Z,145,DC01.darkzero.htb,Microsoft-Windows-WinRM,Microsoft-Windows-WinRM/Operational,244,4,,,,,Identify,,,,NotSpecified,
2026-05-21T22:02:28.319493Z,132,DC01.darkzero.htb,Microsoft-Windows-WinRM,Microsoft-Windows-WinRM/Operational,245,4,,,,,Identify,,,,,
2026-05-21T22:02:52.839462Z,145,DC01.darkzero.htb,Microsoft-Windows-WinRM,Microsoft-Windows-WinRM/Operational,246,4,,,,,Identify,,,,NotSpecified,
2026-05-21T22:02:52.852829Z,132,DC01.darkzero.htb,Microsoft-Windows-WinRM,Microsoft-Windows-WinRM/Operational,247,4,,,,,Identify,,,,,
2026-05-21T22:56:50.344625Z,211,DC01.darkzero.htb,Microsoft-Windows-WinRM,Microsoft-Windows-WinRM/Operational,248,4,,,,,,,,,,
2026-05-21T22:56:51.117921Z,212,DC01.darkzero.htb,Microsoft-Windows-WinRM,Microsoft-Windows-WinRM/Operational,249,4,,,,,,,,,,
2026-05-21T22:57:06.552571Z,208,DC01.darkzero.htb,Microsoft-Windows-WinRM,Microsoft-Windows-WinRM/Operational,250,4,,,,,,,,,,
2026-05-21T22:57:06.759539Z,209,DC01.darkzero.htb,Microsoft-Windows-WinRM,Microsoft-Windows-WinRM/Operational,251,4,,,,,,,,,,
2026-05-21T22:57:28.646504Z,145,DC01.darkzero.htb,Microsoft-Windows-WinRM,Microsoft-Windows-WinRM/Operational,252,4,,,,,Enumeration,,,,http://schemas.microsoft.com/wbem/wsman/1/config/listener,
2026-05-21T22:57:28.717512Z,132,DC01.darkzero.htb,Microsoft-Windows-WinRM,Microsoft-Windows-WinRM/Operational,253,4,,,,,Enumeration,,,,,
2026-05-21T22:57:28.890775Z,145,DC01.darkzero.htb,Microsoft-Windows-WinRM,Microsoft-Windows-WinRM/Operational,254,4,,,,,Enumeration,,,,http://schemas.microsoft.com/wbem/wsman/1/windows/shell,
2026-05-21T22:57:28.908519Z,132,DC01.darkzero.htb,Microsoft-Windows-WinRM,Microsoft-Windows-WinRM/Operational,255,4,,,,,Enumeration,,,,,
2026-05-21T22:57:51.995957Z,211,DC01.darkzero.htb,Microsoft-Windows-WinRM,Microsoft-Windows-WinRM/Operational,256,4,,,,,,,,,,
2026-05-21T22:57:52.529929Z,212,DC01.darkzero.htb,Microsoft-Windows-WinRM,Microsoft-Windows-WinRM/Operational,257,4,,,,,,,,,,
2026-05-21T22:58:29.109751Z,208,DC01.darkzero.htb,Microsoft-Windows-WinRM,Microsoft-Windows-WinRM/Operational,258,4,,,,,,,,,,
2026-05-21T22:58:29.326406Z,209,DC01.darkzero.htb,Microsoft-Windows-WinRM,Microsoft-Windows-WinRM/Operational,259,4,,,,,,,,,,
2026-05-21T22:58:50.724469Z,145,DC01.darkzero.htb,Microsoft-Windows-WinRM,Microsoft-Windows-WinRM/Operational,260,4,,,,,Enumeration,,,,http://schemas.microsoft.com/wbem/wsman/1/config/listener,
2026-05-21T22:58:50.799913Z,132,DC01.darkzero.htb,Microsoft-Windows-WinRM,Microsoft-Windows-WinRM/Operational,261,4,,,,,Enumeration,,,,,
2026-05-21T22:58:50.880643Z,145,DC01.darkzero.htb,Microsoft-Windows-WinRM,Microsoft-Windows-WinRM/Operational,262,4,,,,,Enumeration,,,,http://schemas.microsoft.com/wbem/wsman/1/windows/shell,
2026-05-21T22:58:50.891066Z,132,DC01.darkzero.htb,Microsoft-Windows-WinRM,Microsoft-Windows-WinRM/Operational,263,4,,,,,Enumeration,,,,,
2026-05-21T23:04:11.888868Z,145,DC01.darkzero.htb,Microsoft-Windows-WinRM,Microsoft-Windows-WinRM/Operational,264,4,,,,,Identify,,,,NotSpecified,
2026-05-21T23:04:11.902185Z,132,DC01.darkzero.htb,Microsoft-Windows-WinRM,Microsoft-Windows-WinRM/Operational,265,4,,,,,Identify,,,,,
2026-05-21T23:33:50.264882Z,145,DC01.darkzero.htb,Microsoft-Windows-WinRM,Microsoft-Windows-WinRM/Operational,266,4,,,,,Identify,,,,NotSpecified,
2026-05-21T23:33:50.282685Z,132,DC01.darkzero.htb,Microsoft-Windows-WinRM,Microsoft-Windows-WinRM/Operational,267,4,,,,,Identify,,,,,
2026-05-21T23:38:38.634732Z,145,DC01.darkzero.htb,Microsoft-Windows-WinRM,Microsoft-Windows-WinRM/Operational,268,4,,,,,Identify,,,,NotSpecified,
2026-05-21T23:38:38.650327Z,132,DC01.darkzero.htb,Microsoft-Windows-WinRM,Microsoft-Windows-WinRM/Operational,269,4,,,,,Identify,,,,,
2026-05-21T23:50:56.043240Z,211,DC01.darkzero.htb,Microsoft-Windows-WinRM,Microsoft-Windows-WinRM/Operational,270,4,,,,,,,,,,
2026-05-21T23:50:56.600344Z,212,DC01.darkzero.htb,Microsoft-Windows-WinRM,Microsoft-Windows-WinRM/Operational,271,4,,,,,,,,,,
2026-05-22T01:17:54.152060Z,208,DC01.darkzero.htb,Microsoft-Windows-WinRM,Microsoft-Windows-WinRM/Operational,272,4,,,,,,,,,,
2026-05-22T01:17:54.785892Z,209,DC01.darkzero.htb,Microsoft-Windows-WinRM,Microsoft-Windows-WinRM/Operational,273,4,,,,,,,,,,
2026-05-22T01:18:16.903060Z,145,DC01.darkzero.htb,Microsoft-Windows-WinRM,Microsoft-Windows-WinRM/Operational,274,4,,,,,Enumeration,,,,http://schemas.microsoft.com/wbem/wsman/1/config/listener,
2026-05-22T01:18:16.970981Z,132,DC01.darkzero.htb,Microsoft-Windows-WinRM,Microsoft-Windows-WinRM/Operational,275,4,,,,,Enumeration,,,,,
2026-05-22T01:18:17.049815Z,145,DC01.darkzero.htb,Microsoft-Windows-WinRM,Microsoft-Windows-WinRM/Operational,276,4,,,,,Enumeration,,,,http://schemas.microsoft.com/wbem/wsman/1/windows/shell,
2026-05-22T01:18:17.059290Z,132,DC01.darkzero.htb,Microsoft-Windows-WinRM,Microsoft-Windows-WinRM/Operational,277,4,,,,,Enumeration,,,,,
2026-05-22T01:22:03.229817Z,211,DC01.darkzero.htb,Microsoft-Windows-WinRM,Microsoft-Windows-WinRM/Operational,278,4,,,,,,,,,,
2026-05-22T01:22:03.786469Z,212,DC01.darkzero.htb,Microsoft-Windows-WinRM,Microsoft-Windows-WinRM/Operational,279,4,,,,,,,,,,
2026-05-22T15:20:47.949625Z,208,DC01.darkzero.htb,Microsoft-Windows-WinRM,Microsoft-Windows-WinRM/Operational,280,4,,,,,,,,,,
2026-05-22T15:20:49.054669Z,209,DC01.darkzero.htb,Microsoft-Windows-WinRM,Microsoft-Windows-WinRM/Operational,281,4,,,,,,,,,,
2026-05-22T15:21:15.977073Z,145,DC01.darkzero.htb,Microsoft-Windows-WinRM,Microsoft-Windows-WinRM/Operational,282,4,,,,,Enumeration,,,,http://schemas.microsoft.com/wbem/wsman/1/config/listener,
2026-05-22T15:21:16.286098Z,132,DC01.darkzero.htb,Microsoft-Windows-WinRM,Microsoft-Windows-WinRM/Operational,283,4,,,,,Enumeration,,,,,
2026-05-22T15:21:16.453352Z,145,DC01.darkzero.htb,Microsoft-Windows-WinRM,Microsoft-Windows-WinRM/Operational,284,4,,,,,Enumeration,,,,http://schemas.microsoft.com/wbem/wsman/1/windows/shell,
2026-05-22T15:21:16.470412Z,132,DC01.darkzero.htb,Microsoft-Windows-WinRM,Microsoft-Windows-WinRM/Operational,285,4,,,,,Enumeration,,,,,
2026-05-22T15:24:47.560933Z,2,DC01.darkzero.htb,Microsoft-Windows-WinRM,Microsoft-Windows-WinRM/Operational,286,4,,,,,,,,,,
2026-05-22T15:24:47.562517Z,29,DC01.darkzero.htb,Microsoft-Windows-WinRM,Microsoft-Windows-WinRM/Operational,287,4,,,,,,,,,,
2026-05-22T15:24:47.563699Z,6,DC01.darkzero.htb,Microsoft-Windows-WinRM,Microsoft-Windows-WinRM/Operational,288,4,,,dc02.darkzero.ext/wsman?PSVersion=5.1.26100.32860,,,,,,,
2026-05-22T15:24:47.567258Z,31,DC01.darkzero.htb,Microsoft-Windows-WinRM,Microsoft-Windows-WinRM/Operational,289,4,,,,,,,,,,
2026-05-22T15:24:47.567401Z,10,DC01.darkzero.htb,Microsoft-Windows-WinRM,Microsoft-Windows-WinRM/Operational,290,4,,,,,,34,WSMAN_OPTION_USE_INTEARACTIVE_TOKEN,0,,
2026-05-22T15:24:47.568253Z,10,DC01.darkzero.htb,Microsoft-Windows-WinRM,Microsoft-Windows-WinRM/Operational,291,4,,,,,,26,WSMAN_OPTION_UI_LANGUAGE,en-US,,
2026-05-22T15:24:47.568318Z,10,DC01.darkzero.htb,Microsoft-Windows-WinRM,Microsoft-Windows-WinRM/Operational,292,4,,,,,,25,WSMAN_OPTION_LOCALE,en-US,,
2026-05-22T15:24:47.568395Z,10,DC01.darkzero.htb,Microsoft-Windows-WinRM,Microsoft-Windows-WinRM/Operational,293,4,,,,,,1,WSMAN_OPTION_DEFAULT_OPERATION_TIMEOUTMS,180000,,
2026-05-22T15:24:47.568410Z,10,DC01.darkzero.htb,Microsoft-Windows-WinRM,Microsoft-Windows-WinRM/Operational,294,4,,,,,,12,WSMAN_OPTION_TIMEOUTMS_CREATE_SHELL,180000,,
2026-05-22T15:24:47.568424Z,10,DC01.darkzero.htb,Microsoft-Windows-WinRM,Microsoft-Windows-WinRM/Operational,295,4,,,,,,17,WSMAN_OPTION_TIMEOUTMS_CLOSE_SHELL,60000,,
2026-05-22T15:24:47.568436Z,10,DC01.darkzero.htb,Microsoft-Windows-WinRM,Microsoft-Windows-WinRM/Operational,296,4,,,,,,16,WSMAN_OPTION_TIMEOUTMS_SIGNAL_SHELL,60000,,
2026-05-22T15:24:47.604483Z,11,DC01.darkzero.htb,Microsoft-Windows-WinRM,Microsoft-Windows-WinRM/Operational,297,4,,,,,,,,,http://schemas.microsoft.com/powershell/Microsoft.PowerShell,DFC3DE76-EB86-4A86-B690-8520B3E2F6CA
2026-05-22T15:24:49.321997Z,13,DC01.darkzero.htb,Microsoft-Windows-WinRM,Microsoft-Windows-WinRM/Operational,298,4,,091E5CD8-BCD5-4433-97AE-EE680AD5BB3D,,,,,,,,
2026-05-22T15:24:49.354668Z,15,DC01.darkzero.htb,Microsoft-Windows-WinRM,Microsoft-Windows-WinRM/Operational,299,4,,,,,,,,,,
2026-05-22T15:24:49.360118Z,13,DC01.darkzero.htb,Microsoft-Windows-WinRM,Microsoft-Windows-WinRM/Operational,300,4,,FE88357A-D49E-4C8F-AA05-9152ADC8C45C,,,,,,,,
2026-05-22T15:24:49.970540Z,15,DC01.darkzero.htb,Microsoft-Windows-WinRM,Microsoft-Windows-WinRM/Operational,301,4,,,,,,,,,,
2026-05-22T15:24:49.976014Z,13,DC01.darkzero.htb,Microsoft-Windows-WinRM,Microsoft-Windows-WinRM/Operational,302,4,,32C38D2A-8B07-44B0-9B47-957EF7598BB6,,,,,,,,
2026-05-22T15:24:50.002035Z,15,DC01.darkzero.htb,Microsoft-Windows-WinRM,Microsoft-Windows-WinRM/Operational,303,4,,,,,,,,,,
2026-05-22T15:24:57.792093Z,13,DC01.darkzero.htb,Microsoft-Windows-WinRM,Microsoft-Windows-WinRM/Operational,304,4,,00C7FFFC-FFE0-47BD-A178-10C6546EAF96,,,,,,,,
2026-05-22T15:24:57.963938Z,15,DC01.darkzero.htb,Microsoft-Windows-WinRM,Microsoft-Windows-WinRM/Operational,305,4,,,,,,,,,,
2026-05-22T15:24:57.968773Z,13,DC01.darkzero.htb,Microsoft-Windows-WinRM,Microsoft-Windows-WinRM/Operational,306,4,,26D845B0-07FD-4F20-9ADF-240BC6206974,,,,,,,,
2026-05-22T15:24:57.977275Z,15,DC01.darkzero.htb,Microsoft-Windows-WinRM,Microsoft-Windows-WinRM/Operational,307,4,,,,,,,,,,
2026-05-22T15:24:57.995033Z,13,DC01.darkzero.htb,Microsoft-Windows-WinRM,Microsoft-Windows-WinRM/Operational,308,4,,56D9ACA8-2ACE-449A-B95D-9809AB83DA2E,,,,,,,,
2026-05-22T15:24:58.003229Z,15,DC01.darkzero.htb,Microsoft-Windows-WinRM,Microsoft-Windows-WinRM/Operational,309,4,,,,,,,,,,
2026-05-22T15:24:58.063885Z,13,DC01.darkzero.htb,Microsoft-Windows-WinRM,Microsoft-Windows-WinRM/Operational,310,4,,E73BB557-0067-441A-98BF-48B4C390B77A,,,,,,,,
2026-05-22T15:24:58.082183Z,15,DC01.darkzero.htb,Microsoft-Windows-WinRM,Microsoft-Windows-WinRM/Operational,311,4,,,,,,,,,,
2026-05-22T15:24:58.086532Z,13,DC01.darkzero.htb,Microsoft-Windows-WinRM,Microsoft-Windows-WinRM/Operational,312,4,,044493EA-CB64-49BF-988E-0FF6784F6B0F,,,,,,,,
2026-05-22T15:24:58.093353Z,15,DC01.darkzero.htb,Microsoft-Windows-WinRM,Microsoft-Windows-WinRM/Operational,313,4,,,,,,,,,,
2026-05-22T15:24:58.105220Z,13,DC01.darkzero.htb,Microsoft-Windows-WinRM,Microsoft-Windows-WinRM/Operational,314,4,,B8FE92F9-ED68-4CE8-A433-1981F35233C4,,,,,,,,
2026-05-22T15:24:58.116567Z,15,DC01.darkzero.htb,Microsoft-Windows-WinRM,Microsoft-Windows-WinRM/Operational,315,4,,,,,,,,,,
2026-05-22T15:25:00.959077Z,13,DC01.darkzero.htb,Microsoft-Windows-WinRM,Microsoft-Windows-WinRM/Operational,316,4,,BCC81CFA-CEA6-4B30-BBFE-299D892F877B,,,,,,,,
2026-05-22T15:25:00.968840Z,15,DC01.darkzero.htb,Microsoft-Windows-WinRM,Microsoft-Windows-WinRM/Operational,317,4,,,,,,,,,,
2026-05-22T15:25:05.714512Z,13,DC01.darkzero.htb,Microsoft-Windows-WinRM,Microsoft-Windows-WinRM/Operational,318,4,,F14C6527-6068-478E-98A3-FB3AE0BB7F17,,,,,,,,
2026-05-22T15:25:05.724065Z,15,DC01.darkzero.htb,Microsoft-Windows-WinRM,Microsoft-Windows-WinRM/Operational,319,4,,,,,,,,,,
2026-05-22T15:25:07.317138Z,13,DC01.darkzero.htb,Microsoft-Windows-WinRM,Microsoft-Windows-WinRM/Operational,320,4,,EAC4ABCC-18D2-44C0-8F2E-CB18BD57BD3E,,,,,,,,
2026-05-22T15:25:07.327784Z,15,DC01.darkzero.htb,Microsoft-Windows-WinRM,Microsoft-Windows-WinRM/Operational,321,4,,,,,,,,,,
2026-05-22T15:25:07.332975Z,13,DC01.darkzero.htb,Microsoft-Windows-WinRM,Microsoft-Windows-WinRM/Operational,322,4,,A7124971-CC13-49A3-8F02-EB41583E6D62,,,,,,,,
2026-05-22T15:25:07.343326Z,15,DC01.darkzero.htb,Microsoft-Windows-WinRM,Microsoft-Windows-WinRM/Operational,323,4,,,,,,,,,,
2026-05-22T15:25:12.124162Z,13,DC01.darkzero.htb,Microsoft-Windows-WinRM,Microsoft-Windows-WinRM/Operational,324,4,,9D175308-29A0-44A3-94AA-7C3C4C46E7B6,,,,,,,,
2026-05-22T15:25:12.133681Z,15,DC01.darkzero.htb,Microsoft-Windows-WinRM,Microsoft-Windows-WinRM/Operational,325,4,,,,,,,,,,
2026-05-22T15:25:12.953721Z,13,DC01.darkzero.htb,Microsoft-Windows-WinRM,Microsoft-Windows-WinRM/Operational,326,4,,B683F99B-9F80-44E5-8307-AC8512D8AE5B,,,,,,,,
2026-05-22T15:25:13.397234Z,15,DC01.darkzero.htb,Microsoft-Windows-WinRM,Microsoft-Windows-WinRM/Operational,327,4,,,,,,,,,,
2026-05-22T15:25:13.405857Z,13,DC01.darkzero.htb,Microsoft-Windows-WinRM,Microsoft-Windows-WinRM/Operational,328,4,,12C5B950-F405-4898-904A-69A6C3DA183F,,,,,,,,
2026-05-22T15:25:13.413679Z,15,DC01.darkzero.htb,Microsoft-Windows-WinRM,Microsoft-Windows-WinRM/Operational,329,4,,,,,,,,,,
2026-05-22T15:25:22.282234Z,13,DC01.darkzero.htb,Microsoft-Windows-WinRM,Microsoft-Windows-WinRM/Operational,330,4,,A58F9230-F155-410A-9039-C35741BC197C,,,,,,,,
2026-05-22T15:25:22.296045Z,15,DC01.darkzero.htb,Microsoft-Windows-WinRM,Microsoft-Windows-WinRM/Operational,331,4,,,,,,,,,,
2026-05-22T15:25:23.889634Z,13,DC01.darkzero.htb,Microsoft-Windows-WinRM,Microsoft-Windows-WinRM/Operational,332,4,,89AFABC2-B749-4141-A4F4-7C7E45DE0812,,,,,,,,
2026-05-22T15:25:23.921801Z,15,DC01.darkzero.htb,Microsoft-Windows-WinRM,Microsoft-Windows-WinRM/Operational,333,4,,,,,,,,,,
2026-05-22T15:25:23.927719Z,13,DC01.darkzero.htb,Microsoft-Windows-WinRM,Microsoft-Windows-WinRM/Operational,334,4,,B0AB8BBF-34D6-496D-A157-B3AAFC6A64D9,,,,,,,,
2026-05-22T15:25:23.940533Z,15,DC01.darkzero.htb,Microsoft-Windows-WinRM,Microsoft-Windows-WinRM/Operational,335,4,,,,,,,,,,
2026-05-22T15:25:37.345520Z,13,DC01.darkzero.htb,Microsoft-Windows-WinRM,Microsoft-Windows-WinRM/Operational,336,4,,2BDF5EE7-7064-40E7-9CAF-37F7917B1CED,,,,,,,,
2026-05-22T15:25:37.356883Z,15,DC01.darkzero.htb,Microsoft-Windows-WinRM,Microsoft-Windows-WinRM/Operational,337,4,,,,,,,,,,
2026-05-22T15:25:38.910730Z,13,DC01.darkzero.htb,Microsoft-Windows-WinRM,Microsoft-Windows-WinRM/Operational,338,4,,B6922E30-2E13-46DD-8B35-906583F87E0E,,,,,,,,
2026-05-22T15:25:38.935017Z,15,DC01.darkzero.htb,Microsoft-Windows-WinRM,Microsoft-Windows-WinRM/Operational,339,4,,,,,,,,,,
2026-05-22T15:25:38.940543Z,13,DC01.darkzero.htb,Microsoft-Windows-WinRM,Microsoft-Windows-WinRM/Operational,340,4,,B1BDF314-65F7-4B08-A55A-16B483F11F7F,,,,,,,,
2026-05-22T15:25:38.950946Z,15,DC01.darkzero.htb,Microsoft-Windows-WinRM,Microsoft-Windows-WinRM/Operational,341,4,,,,,,,,,,
2026-05-22T15:25:44.618148Z,13,DC01.darkzero.htb,Microsoft-Windows-WinRM,Microsoft-Windows-WinRM/Operational,342,4,,39538389-1E82-47C7-AF94-7F1C6F70826C,,,,,,,,
2026-05-22T15:25:44.630253Z,15,DC01.darkzero.htb,Microsoft-Windows-WinRM,Microsoft-Windows-WinRM/Operational,343,4,,,,,,,,,,
2026-05-22T15:25:45.871352Z,13,DC01.darkzero.htb,Microsoft-Windows-WinRM,Microsoft-Windows-WinRM/Operational,344,4,,8F7EEFE7-C46B-4470-877D-4EDEB388E05F,,,,,,,,
2026-05-22T15:25:46.263969Z,15,DC01.darkzero.htb,Microsoft-Windows-WinRM,Microsoft-Windows-WinRM/Operational,345,4,,,,,,,,,,
2026-05-22T15:25:46.270214Z,13,DC01.darkzero.htb,Microsoft-Windows-WinRM,Microsoft-Windows-WinRM/Operational,346,4,,11EAC9AA-B853-499B-B426-915DB17DA276,,,,,,,,
2026-05-22T15:25:46.280944Z,15,DC01.darkzero.htb,Microsoft-Windows-WinRM,Microsoft-Windows-WinRM/Operational,347,4,,,,,,,,,,
2026-05-22T15:25:55.976658Z,13,DC01.darkzero.htb,Microsoft-Windows-WinRM,Microsoft-Windows-WinRM/Operational,348,4,,37073B1D-BB7B-48B3-AEBC-03AF2ACBBC3A,,,,,,,,
2026-05-22T15:25:57.493587Z,15,DC01.darkzero.htb,Microsoft-Windows-WinRM,Microsoft-Windows-WinRM/Operational,349,4,,,,,,,,,,
2026-05-22T15:25:57.499308Z,13,DC01.darkzero.htb,Microsoft-Windows-WinRM,Microsoft-Windows-WinRM/Operational,350,4,,B7F3D14D-E978-493A-9AAF-49330AC02E62,,,,,,,,
2026-05-22T15:25:57.506684Z,15,DC01.darkzero.htb,Microsoft-Windows-WinRM,Microsoft-Windows-WinRM/Operational,351,4,,,,,,,,,,
2026-05-22T15:26:01.202161Z,13,DC01.darkzero.htb,Microsoft-Windows-WinRM,Microsoft-Windows-WinRM/Operational,352,4,,1CD91F88-52A2-4F2E-BE47-05ED757D282C,,,,,,,,
2026-05-22T15:26:01.342671Z,15,DC01.darkzero.htb,Microsoft-Windows-WinRM,Microsoft-Windows-WinRM/Operational,353,4,,,,,,,,,,
2026-05-22T15:26:01.347452Z,13,DC01.darkzero.htb,Microsoft-Windows-WinRM,Microsoft-Windows-WinRM/Operational,354,4,,901B1504-E674-4145-9425-247BED29C8E1,,,,,,,,
2026-05-22T15:26:01.354050Z,15,DC01.darkzero.htb,Microsoft-Windows-WinRM,Microsoft-Windows-WinRM/Operational,355,4,,,,,,,,,,
2026-05-22T15:26:27.198522Z,13,DC01.darkzero.htb,Microsoft-Windows-WinRM,Microsoft-Windows-WinRM/Operational,356,4,,58220347-613F-4390-A72A-61E38E111170,,,,,,,,
2026-05-22T15:26:27.210969Z,15,DC01.darkzero.htb,Microsoft-Windows-WinRM,Microsoft-Windows-WinRM/Operational,357,4,,,,,,,,,,
2026-05-22T15:26:28.132482Z,13,DC01.darkzero.htb,Microsoft-Windows-WinRM,Microsoft-Windows-WinRM/Operational,358,4,,587F0A3F-150B-46A5-8728-17F97F92ED4C,,,,,,,,
2026-05-22T15:26:28.198586Z,15,DC01.darkzero.htb,Microsoft-Windows-WinRM,Microsoft-Windows-WinRM/Operational,359,4,,,,,,,,,,
2026-05-22T15:26:28.203707Z,13,DC01.darkzero.htb,Microsoft-Windows-WinRM,Microsoft-Windows-WinRM/Operational,360,4,,93EAFE4F-8317-40C1-9D42-D9DFEB8CF630,,,,,,,,
2026-05-22T15:26:28.213199Z,15,DC01.darkzero.htb,Microsoft-Windows-WinRM,Microsoft-Windows-WinRM/Operational,361,4,,,,,,,,,,
2026-05-22T15:26:43.402253Z,13,DC01.darkzero.htb,Microsoft-Windows-WinRM,Microsoft-Windows-WinRM/Operational,362,4,,70212B48-3954-442F-BF1A-E39A792B563C,,,,,,,,
2026-05-22T15:26:43.470738Z,15,DC01.darkzero.htb,Microsoft-Windows-WinRM,Microsoft-Windows-WinRM/Operational,363,4,,,,,,,,,,
2026-05-22T15:27:00.084619Z,13,DC01.darkzero.htb,Microsoft-Windows-WinRM,Microsoft-Windows-WinRM/Operational,364,4,,A2CD7473-BEDA-47CF-ABB8-AD9C9ACC5ACF,,,,,,,,
2026-05-22T15:27:00.948954Z,15,DC01.darkzero.htb,Microsoft-Windows-WinRM,Microsoft-Windows-WinRM/Operational,365,4,,,,,,,,,,
2026-05-22T15:27:00.953414Z,13,DC01.darkzero.htb,Microsoft-Windows-WinRM,Microsoft-Windows-WinRM/Operational,366,4,,B3F4325D-93A8-4C6B-AB09-DB3B7878C33B,,,,,,,,
2026-05-22T15:27:00.963584Z,15,DC01.darkzero.htb,Microsoft-Windows-WinRM,Microsoft-Windows-WinRM/Operational,367,4,,,,,,,,,,
2026-05-22T15:27:08.418757Z,13,DC01.darkzero.htb,Microsoft-Windows-WinRM,Microsoft-Windows-WinRM/Operational,368,4,,FFC8BF1D-9DD8-4A55-A292-665B4C01703D,,,,,,,,
2026-05-22T15:27:08.430667Z,15,DC01.darkzero.htb,Microsoft-Windows-WinRM,Microsoft-Windows-WinRM/Operational,369,4,,,,,,,,,,
2026-05-22T15:27:08.431533Z,16,DC01.darkzero.htb,Microsoft-Windows-WinRM,Microsoft-Windows-WinRM/Operational,370,4,,,,,,,,,,
2026-05-22T15:27:08.472598Z,142,DC01.darkzero.htb,Microsoft-Windows-WinRM,Microsoft-Windows-WinRM/Operational,371,2,,,,995,SignalShell,,,,,
2026-05-22T15:27:13.744825Z,2,DC01.darkzero.htb,Microsoft-Windows-WinRM,Microsoft-Windows-WinRM/Operational,372,4,,,,,,,,,,
2026-05-22T15:27:13.744853Z,29,DC01.darkzero.htb,Microsoft-Windows-WinRM,Microsoft-Windows-WinRM/Operational,373,4,,,,,,,,,,
2026-05-22T15:27:13.744912Z,6,DC01.darkzero.htb,Microsoft-Windows-WinRM,Microsoft-Windows-WinRM/Operational,374,4,,,dc02.darkzero.ext/wsman?PSVersion=5.1.26100.32860,,,,,,,
2026-05-22T15:27:13.745071Z,31,DC01.darkzero.htb,Microsoft-Windows-WinRM,Microsoft-Windows-WinRM/Operational,375,4,,,,,,,,,,
2026-05-22T15:27:13.745103Z,10,DC01.darkzero.htb,Microsoft-Windows-WinRM,Microsoft-Windows-WinRM/Operational,376,4,,,,,,34,WSMAN_OPTION_USE_INTEARACTIVE_TOKEN,0,,
2026-05-22T15:27:13.745115Z,10,DC01.darkzero.htb,Microsoft-Windows-WinRM,Microsoft-Windows-WinRM/Operational,377,4,,,,,,26,WSMAN_OPTION_UI_LANGUAGE,en-US,,
2026-05-22T15:27:13.745124Z,10,DC01.darkzero.htb,Microsoft-Windows-WinRM,Microsoft-Windows-WinRM/Operational,378,4,,,,,,25,WSMAN_OPTION_LOCALE,en-US,,
2026-05-22T15:27:13.745133Z,10,DC01.darkzero.htb,Microsoft-Windows-WinRM,Microsoft-Windows-WinRM/Operational,379,4,,,,,,1,WSMAN_OPTION_DEFAULT_OPERATION_TIMEOUTMS,180000,,
2026-05-22T15:27:13.745141Z,10,DC01.darkzero.htb,Microsoft-Windows-WinRM,Microsoft-Windows-WinRM/Operational,380,4,,,,,,12,WSMAN_OPTION_TIMEOUTMS_CREATE_SHELL,180000,,
2026-05-22T15:27:13.745148Z,10,DC01.darkzero.htb,Microsoft-Windows-WinRM,Microsoft-Windows-WinRM/Operational,381,4,,,,,,17,WSMAN_OPTION_TIMEOUTMS_CLOSE_SHELL,60000,,
2026-05-22T15:27:13.745156Z,10,DC01.darkzero.htb,Microsoft-Windows-WinRM,Microsoft-Windows-WinRM/Operational,382,4,,,,,,16,WSMAN_OPTION_TIMEOUTMS_SIGNAL_SHELL,60000,,
2026-05-22T15:27:13.748336Z,11,DC01.darkzero.htb,Microsoft-Windows-WinRM,Microsoft-Windows-WinRM/Operational,383,4,,,,,,,,,http://schemas.microsoft.com/powershell/Microsoft.PowerShell,1290AE9B-019A-427F-9C2F-3CF32C39B0AD
2026-05-22T15:27:14.093345Z,13,DC01.darkzero.htb,Microsoft-Windows-WinRM,Microsoft-Windows-WinRM/Operational,384,4,,B6961522-510E-4FC8-BD9A-7BF5F1AEDB1B,,,,,,,,
2026-05-22T15:27:14.109137Z,15,DC01.darkzero.htb,Microsoft-Windows-WinRM,Microsoft-Windows-WinRM/Operational,385,4,,,,,,,,,,
2026-05-22T15:27:14.112813Z,13,DC01.darkzero.htb,Microsoft-Windows-WinRM,Microsoft-Windows-WinRM/Operational,386,4,,B756D46F-A2A9-42CF-A099-B36DA1C7DB6D,,,,,,,,
2026-05-22T15:27:14.319341Z,15,DC01.darkzero.htb,Microsoft-Windows-WinRM,Microsoft-Windows-WinRM/Operational,387,4,,,,,,,,,,
2026-05-22T15:27:14.324465Z,13,DC01.darkzero.htb,Microsoft-Windows-WinRM,Microsoft-Windows-WinRM/Operational,388,4,,93FC1266-CEB2-4659-B988-73A5D8CFD0B0,,,,,,,,
2026-05-22T15:27:14.350743Z,15,DC01.darkzero.htb,Microsoft-Windows-WinRM,Microsoft-Windows-WinRM/Operational,389,4,,,,,,,,,,
2026-05-22T15:27:18.744498Z,13,DC01.darkzero.htb,Microsoft-Windows-WinRM,Microsoft-Windows-WinRM/Operational,390,4,,EEF6C9B9-8E85-44F7-B637-7003F3042647,,,,,,,,
2026-05-22T15:27:19.454278Z,15,DC01.darkzero.htb,Microsoft-Windows-WinRM,Microsoft-Windows-WinRM/Operational,391,4,,,,,,,,,,
2026-05-22T15:27:19.462895Z,13,DC01.darkzero.htb,Microsoft-Windows-WinRM,Microsoft-Windows-WinRM/Operational,392,4,,369EE8A3-09F2-45F0-9C78-A7557B43D579,,,,,,,,
2026-05-22T15:27:19.471193Z,15,DC01.darkzero.htb,Microsoft-Windows-WinRM,Microsoft-Windows-WinRM/Operational,393,4,,,,,,,,,,
2026-05-22T15:27:23.060119Z,13,DC01.darkzero.htb,Microsoft-Windows-WinRM,Microsoft-Windows-WinRM/Operational,394,4,,0F5607D8-C114-4BFC-AC21-8B3C04D0D5A5,,,,,,,,
2026-05-22T15:27:23.072896Z,15,DC01.darkzero.htb,Microsoft-Windows-WinRM,Microsoft-Windows-WinRM/Operational,395,4,,,,,,,,,,
2026-05-22T15:27:23.073423Z,16,DC01.darkzero.htb,Microsoft-Windows-WinRM,Microsoft-Windows-WinRM/Operational,396,4,,,,,,,,,,
2026-05-22T15:27:23.093962Z,142,DC01.darkzero.htb,Microsoft-Windows-WinRM,Microsoft-Windows-WinRM/Operational,397,2,,,,995,SignalShell,,,,,
2026-05-22T15:31:02.092264Z,2,DC01.darkzero.htb,Microsoft-Windows-WinRM,Microsoft-Windows-WinRM/Operational,398,4,,,,,,,,,,
2026-05-22T15:31:02.094257Z,29,DC01.darkzero.htb,Microsoft-Windows-WinRM,Microsoft-Windows-WinRM/Operational,399,4,,,,,,,,,,
2026-05-22T15:31:02.094750Z,6,DC01.darkzero.htb,Microsoft-Windows-WinRM,Microsoft-Windows-WinRM/Operational,400,4,,,dc02.darkzero.ext/wsman?PSVersion=5.1.26100.32860,,,,,,,
2026-05-22T15:31:02.099240Z,31,DC01.darkzero.htb,Microsoft-Windows-WinRM,Microsoft-Windows-WinRM/Operational,401,4,,,,,,,,,,
2026-05-22T15:31:02.099388Z,10,DC01.darkzero.htb,Microsoft-Windows-WinRM,Microsoft-Windows-WinRM/Operational,402,4,,,,,,34,WSMAN_OPTION_USE_INTEARACTIVE_TOKEN,0,,
2026-05-22T15:31:02.099416Z,10,DC01.darkzero.htb,Microsoft-Windows-WinRM,Microsoft-Windows-WinRM/Operational,403,4,,,,,,26,WSMAN_OPTION_UI_LANGUAGE,en-US,,
2026-05-22T15:31:02.099447Z,10,DC01.darkzero.htb,Microsoft-Windows-WinRM,Microsoft-Windows-WinRM/Operational,404,4,,,,,,25,WSMAN_OPTION_LOCALE,en-US,,
2026-05-22T15:31:02.099509Z,10,DC01.darkzero.htb,Microsoft-Windows-WinRM,Microsoft-Windows-WinRM/Operational,405,4,,,,,,1,WSMAN_OPTION_DEFAULT_OPERATION_TIMEOUTMS,180000,,
2026-05-22T15:31:02.099524Z,10,DC01.darkzero.htb,Microsoft-Windows-WinRM,Microsoft-Windows-WinRM/Operational,406,4,,,,,,12,WSMAN_OPTION_TIMEOUTMS_CREATE_SHELL,180000,,
2026-05-22T15:31:02.099565Z,10,DC01.darkzero.htb,Microsoft-Windows-WinRM,Microsoft-Windows-WinRM/Operational,407,4,,,,,,17,WSMAN_OPTION_TIMEOUTMS_CLOSE_SHELL,60000,,
2026-05-22T15:31:02.099580Z,10,DC01.darkzero.htb,Microsoft-Windows-WinRM,Microsoft-Windows-WinRM/Operational,408,4,,,,,,16,WSMAN_OPTION_TIMEOUTMS_SIGNAL_SHELL,60000,,
2026-05-22T15:31:02.110926Z,11,DC01.darkzero.htb,Microsoft-Windows-WinRM,Microsoft-Windows-WinRM/Operational,409,4,,,,,,,,,http://schemas.microsoft.com/powershell/Microsoft.PowerShell,96B2EE97-18E6-4737-A303-324EB64868C0
2026-05-22T15:31:03.446542Z,13,DC01.darkzero.htb,Microsoft-Windows-WinRM,Microsoft-Windows-WinRM/Operational,410,4,,C157F7D4-95A0-4C85-BAE8-D505247EBEE4,,,,,,,,
2026-05-22T15:31:04.102971Z,15,DC01.darkzero.htb,Microsoft-Windows-WinRM,Microsoft-Windows-WinRM/Operational,411,4,,,,,,,,,,
2026-05-22T15:31:04.109979Z,13,DC01.darkzero.htb,Microsoft-Windows-WinRM,Microsoft-Windows-WinRM/Operational,412,4,,CB965D43-316B-4627-9A49-D6B26516B1FC,,,,,,,,
2026-05-22T15:31:04.237042Z,15,DC01.darkzero.htb,Microsoft-Windows-WinRM,Microsoft-Windows-WinRM/Operational,413,4,,,,,,,,,,
2026-05-22T15:31:04.240460Z,16,DC01.darkzero.htb,Microsoft-Windows-WinRM,Microsoft-Windows-WinRM/Operational,414,4,,,,,,,,,,
2026-05-22T15:31:04.257535Z,8,DC01.darkzero.htb,Microsoft-Windows-WinRM,Microsoft-Windows-WinRM/Operational,415,4,,,,,,,,,,
2026-05-22T15:31:04.257726Z,4,DC01.darkzero.htb,Microsoft-Windows-WinRM,Microsoft-Windows-WinRM/Operational,416,4,,,,,,,,,,
2026-05-22T15:31:04.289511Z,33,DC01.darkzero.htb,Microsoft-Windows-WinRM,Microsoft-Windows-WinRM/Operational,417,4,,,,,,,,,,
2026-05-22T15:31:04.289543Z,30,DC01.darkzero.htb,Microsoft-Windows-WinRM,Microsoft-Windows-WinRM/Operational,418,4,,,,,,,,,,
2026-05-22T15:36:30.068658Z,211,DC01.darkzero.htb,Microsoft-Windows-WinRM,Microsoft-Windows-WinRM/Operational,419,4,,,,,,,,,,
2026-05-22T15:36:30.605146Z,212,DC01.darkzero.htb,Microsoft-Windows-WinRM,Microsoft-Windows-WinRM/Operational,420,4,,,,,,,,,,
2026-05-29T11:03:57.653944Z,208,DC01.darkzero.htb,Microsoft-Windows-WinRM,Microsoft-Windows-WinRM/Operational,421,4,,,,,,,,,,
2026-05-29T11:03:59.811931Z,209,DC01.darkzero.htb,Microsoft-Windows-WinRM,Microsoft-Windows-WinRM/Operational,422,4,,,,,,,,,,
2026-05-29T11:04:26.875885Z,145,DC01.darkzero.htb,Microsoft-Windows-WinRM,Microsoft-Windows-WinRM/Operational,423,4,,,,,Enumeration,,,,http://schemas.microsoft.com/wbem/wsman/1/config/listener,
2026-05-29T11:04:28.360903Z,132,DC01.darkzero.htb,Microsoft-Windows-WinRM,Microsoft-Windows-WinRM/Operational,424,4,,,,,Enumeration,,,,,
2026-05-29T11:04:28.927792Z,145,DC01.darkzero.htb,Microsoft-Windows-WinRM,Microsoft-Windows-WinRM/Operational,425,4,,,,,Enumeration,,,,http://schemas.microsoft.com/wbem/wsman/1/windows/shell,
2026-05-29T11:04:28.945722Z,132,DC01.darkzero.htb,Microsoft-Windows-WinRM,Microsoft-Windows-WinRM/Operational,426,4,,,,,Enumeration,,,,,
2026-05-29T11:09:47.272794Z,211,DC01.darkzero.htb,Microsoft-Windows-WinRM,Microsoft-Windows-WinRM/Operational,427,4,,,,,,,,,,
2026-05-29T11:09:47.813885Z,212,DC01.darkzero.htb,Microsoft-Windows-WinRM,Microsoft-Windows-WinRM/Operational,428,4,,,,,,,,,,
2026-05-29T22:05:22.004191Z,208,DC01.darkzero.htb,Microsoft-Windows-WinRM,Microsoft-Windows-WinRM/Operational,429,4,,,,,,,,,,
2026-05-29T22:05:22.368684Z,209,DC01.darkzero.htb,Microsoft-Windows-WinRM,Microsoft-Windows-WinRM/Operational,430,4,,,,,,,,,,
2026-05-29T22:05:46.925937Z,145,DC01.darkzero.htb,Microsoft-Windows-WinRM,Microsoft-Windows-WinRM/Operational,431,4,,,,,Enumeration,,,,http://schemas.microsoft.com/wbem/wsman/1/config/listener,
2026-05-29T22:05:46.976472Z,132,DC01.darkzero.htb,Microsoft-Windows-WinRM,Microsoft-Windows-WinRM/Operational,432,4,,,,,Enumeration,,,,,
2026-05-29T22:05:47.031443Z,145,DC01.darkzero.htb,Microsoft-Windows-WinRM,Microsoft-Windows-WinRM/Operational,433,4,,,,,Enumeration,,,,http://schemas.microsoft.com/wbem/wsman/1/windows/shell,
2026-05-29T22:05:47.039501Z,132,DC01.darkzero.htb,Microsoft-Windows-WinRM,Microsoft-Windows-WinRM/Operational,434,4,,,,,Enumeration,,,,,
2026-05-29T22:12:26.361057Z,211,DC01.darkzero.htb,Microsoft-Windows-WinRM,Microsoft-Windows-WinRM/Operational,435,4,,,,,,,,,,
2026-05-29T22:12:27.033919Z,212,DC01.darkzero.htb,Microsoft-Windows-WinRM,Microsoft-Windows-WinRM/Operational,436,4,,,,,,,,,,
2026-05-29T22:22:52.639369Z,208,DC01.darkzero.htb,Microsoft-Windows-WinRM,Microsoft-Windows-WinRM/Operational,437,4,,,,,,,,,,
2026-05-29T22:22:52.796502Z,209,DC01.darkzero.htb,Microsoft-Windows-WinRM,Microsoft-Windows-WinRM/Operational,438,4,,,,,,,,,,
2026-05-29T22:23:14.082218Z,145,DC01.darkzero.htb,Microsoft-Windows-WinRM,Microsoft-Windows-WinRM/Operational,439,4,,,,,Enumeration,,,,http://schemas.microsoft.com/wbem/wsman/1/config/listener,
2026-05-29T22:23:14.147546Z,132,DC01.darkzero.htb,Microsoft-Windows-WinRM,Microsoft-Windows-WinRM/Operational,440,4,,,,,Enumeration,,,,,
2026-05-29T22:23:14.226269Z,145,DC01.darkzero.htb,Microsoft-Windows-WinRM,Microsoft-Windows-WinRM/Operational,441,4,,,,,Enumeration,,,,http://schemas.microsoft.com/wbem/wsman/1/windows/shell,
2026-05-29T22:23:14.235095Z,132,DC01.darkzero.htb,Microsoft-Windows-WinRM,Microsoft-Windows-WinRM/Operational,442,4,,,,,Enumeration,,,,,
2026-05-29T22:59:17.542198Z,211,DC01.darkzero.htb,Microsoft-Windows-WinRM,Microsoft-Windows-WinRM/Operational,443,4,,,,,,,,,,
2026-05-29T22:59:18.129359Z,212,DC01.darkzero.htb,Microsoft-Windows-WinRM,Microsoft-Windows-WinRM/Operational,444,4,,,,,,,,,,
2026-07-14T12:59:14.583624Z,208,DC01.darkzero.htb,Microsoft-Windows-WinRM,Microsoft-Windows-WinRM/Operational,445,4,,,,,,,,,,
2026-07-14T12:59:14.744032Z,209,DC01.darkzero.htb,Microsoft-Windows-WinRM,Microsoft-Windows-WinRM/Operational,446,4,,,,,,,,,,
2026-07-14T12:59:35.862609Z,145,DC01.darkzero.htb,Microsoft-Windows-WinRM,Microsoft-Windows-WinRM/Operational,447,4,,,,,Enumeration,,,,http://schemas.microsoft.com/wbem/wsman/1/config/listener,
2026-07-14T12:59:36.236713Z,132,DC01.darkzero.htb,Microsoft-Windows-WinRM,Microsoft-Windows-WinRM/Operational,448,4,,,,,Enumeration,,,,,
2026-07-14T12:59:36.315011Z,145,DC01.darkzero.htb,Microsoft-Windows-WinRM,Microsoft-Windows-WinRM/Operational,449,4,,,,,Enumeration,,,,http://schemas.microsoft.com/wbem/wsman/1/windows/shell,
2026-07-14T12:59:36.331979Z,132,DC01.darkzero.htb,Microsoft-Windows-WinRM,Microsoft-Windows-WinRM/Operational,450,4,,,,,Enumeration,,,,,
2026-07-14T14:06:59.513726Z,211,DC01.darkzero.htb,Microsoft-Windows-WinRM,Microsoft-Windows-WinRM/Operational,451,4,,,,,,,,,,
2026-07-14T14:07:00.137547Z,212,DC01.darkzero.htb,Microsoft-Windows-WinRM,Microsoft-Windows-WinRM/Operational,452,4,,,,,,,,,,
2026-07-14T14:15:42.623812Z,208,DC01.darkzero.htb,Microsoft-Windows-WinRM,Microsoft-Windows-WinRM/Operational,453,4,,,,,,,,,,
2026-07-14T14:15:42.784681Z,209,DC01.darkzero.htb,Microsoft-Windows-WinRM,Microsoft-Windows-WinRM/Operational,454,4,,,,,,,,,,
2026-07-14T14:16:03.954285Z,145,DC01.darkzero.htb,Microsoft-Windows-WinRM,Microsoft-Windows-WinRM/Operational,455,4,,,,,Enumeration,,,,http://schemas.microsoft.com/wbem/wsman/1/config/listener,
2026-07-14T14:16:04.044387Z,132,DC01.darkzero.htb,Microsoft-Windows-WinRM,Microsoft-Windows-WinRM/Operational,456,4,,,,,Enumeration,,,,,
2026-07-14T14:16:04.097003Z,145,DC01.darkzero.htb,Microsoft-Windows-WinRM,Microsoft-Windows-WinRM/Operational,457,4,,,,,Enumeration,,,,http://schemas.microsoft.com/wbem/wsman/1/windows/shell,
2026-07-14T14:16:04.103398Z,132,DC01.darkzero.htb,Microsoft-Windows-WinRM,Microsoft-Windows-WinRM/Operational,458,4,,,,,Enumeration,,,,,
2026-07-14T14:37:34.401770Z,145,DC01.darkzero.htb,Microsoft-Windows-WinRM,Microsoft-Windows-WinRM/Operational,459,4,,,,,Enumeration,,,,http://schemas.microsoft.com/wbem/wsman/1/config/listener,
2026-07-14T14:37:34.444750Z,132,DC01.darkzero.htb,Microsoft-Windows-WinRM,Microsoft-Windows-WinRM/Operational,460,4,,,,,Enumeration,,,,,
2026-07-14T14:37:34.526922Z,145,DC01.darkzero.htb,Microsoft-Windows-WinRM,Microsoft-Windows-WinRM/Operational,461,4,,,,,Enumeration,,,,http://schemas.microsoft.com/wbem/wsman/1/windows/shell,
2026-07-14T14:37:34.535488Z,132,DC01.darkzero.htb,Microsoft-Windows-WinRM,Microsoft-Windows-WinRM/Operational,462,4,,,,,Enumeration,,,,,
2026-07-14T16:09:21.723557Z,211,DC01.darkzero.htb,Microsoft-Windows-WinRM,Microsoft-Windows-WinRM/Operational,463,4,,,,,,,,,,
2026-07-14T16:09:22.409203Z,212,DC01.darkzero.htb,Microsoft-Windows-WinRM,Microsoft-Windows-WinRM/Operational,464,4,,,,,,,,,,
2026-07-14T16:10:06.382734Z,208,DC01.darkzero.htb,Microsoft-Windows-WinRM,Microsoft-Windows-WinRM/Operational,465,4,,,,,,,,,,
2026-07-14T16:10:06.491912Z,209,DC01.darkzero.htb,Microsoft-Windows-WinRM,Microsoft-Windows-WinRM/Operational,466,4,,,,,,,,,,
2026-07-14T16:10:28.613658Z,145,DC01.darkzero.htb,Microsoft-Windows-WinRM,Microsoft-Windows-WinRM/Operational,467,4,,,,,Enumeration,,,,http://schemas.microsoft.com/wbem/wsman/1/config/listener,
2026-07-14T16:10:28.704786Z,132,DC01.darkzero.htb,Microsoft-Windows-WinRM,Microsoft-Windows-WinRM/Operational,468,4,,,,,Enumeration,,,,,
2026-07-14T16:10:29.197470Z,145,DC01.darkzero.htb,Microsoft-Windows-WinRM,Microsoft-Windows-WinRM/Operational,469,4,,,,,Enumeration,,,,http://schemas.microsoft.com/wbem/wsman/1/windows/shell,
2026-07-14T16:10:29.215432Z,132,DC01.darkzero.htb,Microsoft-Windows-WinRM,Microsoft-Windows-WinRM/Operational,470,4,,,,,Enumeration,,,,,
2026-07-14T16:10:47.658414Z,211,DC01.darkzero.htb,Microsoft-Windows-WinRM,Microsoft-Windows-WinRM/Operational,471,4,,,,,,,,,,
2026-07-14T16:10:48.172596Z,212,DC01.darkzero.htb,Microsoft-Windows-WinRM,Microsoft-Windows-WinRM/Operational,472,4,,,,,,,,,,
2026-07-14T16:11:27.730450Z,208,DC01.darkzero.htb,Microsoft-Windows-WinRM,Microsoft-Windows-WinRM/Operational,473,4,,,,,,,,,,
2026-07-14T16:11:27.846764Z,209,DC01.darkzero.htb,Microsoft-Windows-WinRM,Microsoft-Windows-WinRM/Operational,474,4,,,,,,,,,,
2026-07-14T16:11:49.260718Z,145,DC01.darkzero.htb,Microsoft-Windows-WinRM,Microsoft-Windows-WinRM/Operational,475,4,,,,,Enumeration,,,,http://schemas.microsoft.com/wbem/wsman/1/config/listener,
2026-07-14T16:11:49.336980Z,132,DC01.darkzero.htb,Microsoft-Windows-WinRM,Microsoft-Windows-WinRM/Operational,476,4,,,,,Enumeration,,,,,
2026-07-14T16:11:49.408750Z,145,DC01.darkzero.htb,Microsoft-Windows-WinRM,Microsoft-Windows-WinRM/Operational,477,4,,,,,Enumeration,,,,http://schemas.microsoft.com/wbem/wsman/1/windows/shell,
2026-07-14T16:11:49.419867Z,132,DC01.darkzero.htb,Microsoft-Windows-WinRM,Microsoft-Windows-WinRM/Operational,478,4,,,,,Enumeration,,,,,
2026-07-14T16:27:15.560517Z,211,DC01.darkzero.htb,Microsoft-Windows-WinRM,Microsoft-Windows-WinRM/Operational,479,4,,,,,,,,,,
2026-07-14T16:27:16.147325Z,212,DC01.darkzero.htb,Microsoft-Windows-WinRM,Microsoft-Windows-WinRM/Operational,480,4,,,,,,,,,,
2026-07-14T16:43:47.513129Z,208,DC01.darkzero.htb,Microsoft-Windows-WinRM,Microsoft-Windows-WinRM/Operational,481,4,,,,,,,,,,
2026-07-14T16:43:47.651446Z,209,DC01.darkzero.htb,Microsoft-Windows-WinRM,Microsoft-Windows-WinRM/Operational,482,4,,,,,,,,,,
2026-07-14T16:44:09.319366Z,145,DC01.darkzero.htb,Microsoft-Windows-WinRM,Microsoft-Windows-WinRM/Operational,483,4,,,,,Enumeration,,,,http://schemas.microsoft.com/wbem/wsman/1/config/listener,
2026-07-14T16:44:09.386748Z,132,DC01.darkzero.htb,Microsoft-Windows-WinRM,Microsoft-Windows-WinRM/Operational,484,4,,,,,Enumeration,,,,,
2026-07-14T16:44:09.450450Z,145,DC01.darkzero.htb,Microsoft-Windows-WinRM,Microsoft-Windows-WinRM/Operational,485,4,,,,,Enumeration,,,,http://schemas.microsoft.com/wbem/wsman/1/windows/shell,
2026-07-14T16:44:09.462208Z,132,DC01.darkzero.htb,Microsoft-Windows-WinRM,Microsoft-Windows-WinRM/Operational,486,4,,,,,Enumeration,,,,,
2026-07-14T18:43:52.417461Z,211,DC01.darkzero.htb,Microsoft-Windows-WinRM,Microsoft-Windows-WinRM/Operational,487,4,,,,,,,,,,
2026-07-14T18:43:52.958384Z,212,DC01.darkzero.htb,Microsoft-Windows-WinRM,Microsoft-Windows-WinRM/Operational,488,4,,,,,,,,,,
2026-07-20T12:17:43.865573Z,208,DC01.darkzero.htb,Microsoft-Windows-WinRM,Microsoft-Windows-WinRM/Operational,489,4,,,,,,,,,,
2026-07-20T12:17:45.016075Z,209,DC01.darkzero.htb,Microsoft-Windows-WinRM,Microsoft-Windows-WinRM/Operational,490,4,,,,,,,,,,
2026-07-20T12:18:11.984894Z,145,DC01.darkzero.htb,Microsoft-Windows-WinRM,Microsoft-Windows-WinRM/Operational,491,4,,,,,Enumeration,,,,http://schemas.microsoft.com/wbem/wsman/1/config/listener,
2026-07-20T12:18:12.539889Z,132,DC01.darkzero.htb,Microsoft-Windows-WinRM,Microsoft-Windows-WinRM/Operational,492,4,,,,,Enumeration,,,,,
2026-07-20T12:18:13.031373Z,145,DC01.darkzero.htb,Microsoft-Windows-WinRM,Microsoft-Windows-WinRM/Operational,493,4,,,,,Enumeration,,,,http://schemas.microsoft.com/wbem/wsman/1/windows/shell,
2026-07-20T12:18:13.119163Z,132,DC01.darkzero.htb,Microsoft-Windows-WinRM,Microsoft-Windows-WinRM/Operational,494,4,,,,,Enumeration,,,,,
2026-07-20T13:32:31.713190Z,211,DC01.darkzero.htb,Microsoft-Windows-WinRM,Microsoft-Windows-WinRM/Operational,495,4,,,,,,,,,,
2026-07-20T13:32:32.956969Z,212,DC01.darkzero.htb,Microsoft-Windows-WinRM,Microsoft-Windows-WinRM/Operational,496,4,,,,,,,,,,
2026-07-20T13:33:23.372794Z,208,DC01.darkzero.htb,Microsoft-Windows-WinRM,Microsoft-Windows-WinRM/Operational,497,4,,,,,,,,,,
2026-07-20T13:33:25.108889Z,209,DC01.darkzero.htb,Microsoft-Windows-WinRM,Microsoft-Windows-WinRM/Operational,498,4,,,,,,,,,,
2026-07-20T13:33:52.966860Z,145,DC01.darkzero.htb,Microsoft-Windows-WinRM,Microsoft-Windows-WinRM/Operational,499,4,,,,,Enumeration,,,,http://schemas.microsoft.com/wbem/wsman/1/config/listener,
2026-07-20T13:33:53.548392Z,132,DC01.darkzero.htb,Microsoft-Windows-WinRM,Microsoft-Windows-WinRM/Operational,500,4,,,,,Enumeration,,,,,
2026-07-20T13:33:55.021732Z,145,DC01.darkzero.htb,Microsoft-Windows-WinRM,Microsoft-Windows-WinRM/Operational,501,4,,,,,Enumeration,,,,http://schemas.microsoft.com/wbem/wsman/1/windows/shell,
2026-07-20T13:33:55.032972Z,132,DC01.darkzero.htb,Microsoft-Windows-WinRM,Microsoft-Windows-WinRM/Operational,502,4,,,,,Enumeration,,,,,
2026-07-20T13:35:14.998109Z,211,DC01.darkzero.htb,Microsoft-Windows-WinRM,Microsoft-Windows-WinRM/Operational,503,4,,,,,,,,,,
2026-07-20T13:35:15.844824Z,212,DC01.darkzero.htb,Microsoft-Windows-WinRM,Microsoft-Windows-WinRM/Operational,504,4,,,,,,,,,,
2026-07-20T13:36:01.987815Z,208,DC01.darkzero.htb,Microsoft-Windows-WinRM,Microsoft-Windows-WinRM/Operational,505,4,,,,,,,,,,
2026-07-20T13:36:04.215857Z,209,DC01.darkzero.htb,Microsoft-Windows-WinRM,Microsoft-Windows-WinRM/Operational,506,4,,,,,,,,,,
2026-07-20T13:36:29.716140Z,145,DC01.darkzero.htb,Microsoft-Windows-WinRM,Microsoft-Windows-WinRM/Operational,507,4,,,,,Enumeration,,,,http://schemas.microsoft.com/wbem/wsman/1/config/listener,
2026-07-20T13:36:29.961159Z,132,DC01.darkzero.htb,Microsoft-Windows-WinRM,Microsoft-Windows-WinRM/Operational,508,4,,,,,Enumeration,,,,,
2026-07-20T13:36:30.870106Z,145,DC01.darkzero.htb,Microsoft-Windows-WinRM,Microsoft-Windows-WinRM/Operational,509,4,,,,,Enumeration,,,,http://schemas.microsoft.com/wbem/wsman/1/windows/shell,
2026-07-20T13:36:30.958143Z,132,DC01.darkzero.htb,Microsoft-Windows-WinRM,Microsoft-Windows-WinRM/Operational,510,4,,,,,Enumeration,,,,,
2026-07-20T16:13:25.148006Z,211,DC01.darkzero.htb,Microsoft-Windows-WinRM,Microsoft-Windows-WinRM/Operational,511,4,,,,,,,,,,
2026-07-20T16:13:25.708107Z,212,DC01.darkzero.htb,Microsoft-Windows-WinRM,Microsoft-Windows-WinRM/Operational,512,4,,,,,,,,,,
2026-07-20T16:18:32.010927Z,208,DC01.darkzero.htb,Microsoft-Windows-WinRM,Microsoft-Windows-WinRM/Operational,513,4,,,,,,,,,,
2026-07-20T16:18:33.383591Z,209,DC01.darkzero.htb,Microsoft-Windows-WinRM,Microsoft-Windows-WinRM/Operational,514,4,,,,,,,,,,
2026-07-20T16:18:59.095025Z,145,DC01.darkzero.htb,Microsoft-Windows-WinRM,Microsoft-Windows-WinRM/Operational,515,4,,,,,Enumeration,,,,http://schemas.microsoft.com/wbem/wsman/1/config/listener,
2026-07-20T16:18:59.384667Z,132,DC01.darkzero.htb,Microsoft-Windows-WinRM,Microsoft-Windows-WinRM/Operational,516,4,,,,,Enumeration,,,,,
2026-07-20T16:18:59.675927Z,145,DC01.darkzero.htb,Microsoft-Windows-WinRM,Microsoft-Windows-WinRM/Operational,517,4,,,,,Enumeration,,,,http://schemas.microsoft.com/wbem/wsman/1/windows/shell,
2026-07-20T16:18:59.687843Z,132,DC01.darkzero.htb,Microsoft-Windows-WinRM,Microsoft-Windows-WinRM/Operational,518,4,,,,,Enumeration,,,,,
2026-07-20T16:24:12.018071Z,211,DC01.darkzero.htb,Microsoft-Windows-WinRM,Microsoft-Windows-WinRM/Operational,519,4,,,,,,,,,,
2026-07-20T16:24:12.536608Z,212,DC01.darkzero.htb,Microsoft-Windows-WinRM,Microsoft-Windows-WinRM/Operational,520,4,,,,,,,,,,
2026-07-20T19:27:32.819122Z,208,DC01.darkzero.htb,Microsoft-Windows-WinRM,Microsoft-Windows-WinRM/Operational,521,4,,,,,,,,,,
2026-07-20T19:27:34.630698Z,209,DC01.darkzero.htb,Microsoft-Windows-WinRM,Microsoft-Windows-WinRM/Operational,522,4,,,,,,,,,,
2026-07-20T19:27:59.877339Z,145,DC01.darkzero.htb,Microsoft-Windows-WinRM,Microsoft-Windows-WinRM/Operational,523,4,,,,,Enumeration,,,,http://schemas.microsoft.com/wbem/wsman/1/config/listener,
2026-07-20T19:28:00.175395Z,132,DC01.darkzero.htb,Microsoft-Windows-WinRM,Microsoft-Windows-WinRM/Operational,524,4,,,,,Enumeration,,,,,
2026-07-20T19:28:00.457178Z,145,DC01.darkzero.htb,Microsoft-Windows-WinRM,Microsoft-Windows-WinRM/Operational,525,4,,,,,Enumeration,,,,http://schemas.microsoft.com/wbem/wsman/1/windows/shell,
2026-07-20T19:28:00.469936Z,132,DC01.darkzero.htb,Microsoft-Windows-WinRM,Microsoft-Windows-WinRM/Operational,526,4,,,,,Enumeration,,,,,
2026-07-20T20:27:16.618169Z,211,DC01.darkzero.htb,Microsoft-Windows-WinRM,Microsoft-Windows-WinRM/Operational,527,4,,,,,,,,,,
2026-07-20T20:27:17.200821Z,212,DC01.darkzero.htb,Microsoft-Windows-WinRM,Microsoft-Windows-WinRM/Operational,528,4,,,,,,,,,,
2026-07-21T12:23:45.093037Z,208,DC01.darkzero.htb,Microsoft-Windows-WinRM,Microsoft-Windows-WinRM/Operational,529,4,,,,,,,,,,
2026-07-21T12:23:46.024325Z,209,DC01.darkzero.htb,Microsoft-Windows-WinRM,Microsoft-Windows-WinRM/Operational,530,4,,,,,,,,,,
2026-07-21T12:24:12.617255Z,145,DC01.darkzero.htb,Microsoft-Windows-WinRM,Microsoft-Windows-WinRM/Operational,531,4,,,,,Enumeration,,,,http://schemas.microsoft.com/wbem/wsman/1/config/listener,
2026-07-21T12:24:12.965878Z,132,DC01.darkzero.htb,Microsoft-Windows-WinRM,Microsoft-Windows-WinRM/Operational,532,4,,,,,Enumeration,,,,,
2026-07-21T12:24:13.336951Z,145,DC01.darkzero.htb,Microsoft-Windows-WinRM,Microsoft-Windows-WinRM/Operational,533,4,,,,,Enumeration,,,,http://schemas.microsoft.com/wbem/wsman/1/windows/shell,
2026-07-21T12:24:13.434155Z,132,DC01.darkzero.htb,Microsoft-Windows-WinRM,Microsoft-Windows-WinRM/Operational,534,4,,,,,Enumeration,,,,,
2026-07-21T13:18:35.539657Z,211,DC01.darkzero.htb,Microsoft-Windows-WinRM,Microsoft-Windows-WinRM/Operational,535,4,,,,,,,,,,
2026-07-21T13:18:36.092632Z,212,DC01.darkzero.htb,Microsoft-Windows-WinRM,Microsoft-Windows-WinRM/Operational,536,4,,,,,,,,,,
2026-07-23T12:23:37.243342Z,208,DC01.darkzero.htb,Microsoft-Windows-WinRM,Microsoft-Windows-WinRM/Operational,537,4,,,,,,,,,,
2026-07-23T12:23:38.276715Z,209,DC01.darkzero.htb,Microsoft-Windows-WinRM,Microsoft-Windows-WinRM/Operational,538,4,,,,,,,,,,
2026-07-23T12:24:08.119988Z,145,DC01.darkzero.htb,Microsoft-Windows-WinRM,Microsoft-Windows-WinRM/Operational,539,4,,,,,Enumeration,,,,http://schemas.microsoft.com/wbem/wsman/1/config/listener,
2026-07-23T12:24:08.901470Z,132,DC01.darkzero.htb,Microsoft-Windows-WinRM,Microsoft-Windows-WinRM/Operational,540,4,,,,,Enumeration,,,,,
2026-07-23T12:24:09.383338Z,145,DC01.darkzero.htb,Microsoft-Windows-WinRM,Microsoft-Windows-WinRM/Operational,541,4,,,,,Enumeration,,,,http://schemas.microsoft.com/wbem/wsman/1/windows/shell,
2026-07-23T12:24:09.474803Z,132,DC01.darkzero.htb,Microsoft-Windows-WinRM,Microsoft-Windows-WinRM/Operational,542,4,,,,,Enumeration,,,,,
2026-07-23T12:29:04.005405Z,211,DC01.darkzero.htb,Microsoft-Windows-WinRM,Microsoft-Windows-WinRM/Operational,543,4,,,,,,,,,,
2026-07-23T12:29:04.554785Z,212,DC01.darkzero.htb,Microsoft-Windows-WinRM,Microsoft-Windows-WinRM/Operational,544,4,,,,,,,,,,
2026-07-23T12:29:55.856939Z,208,DC01.darkzero.htb,Microsoft-Windows-WinRM,Microsoft-Windows-WinRM/Operational,545,4,,,,,,,,,,
2026-07-23T12:29:57.532238Z,209,DC01.darkzero.htb,Microsoft-Windows-WinRM,Microsoft-Windows-WinRM/Operational,546,4,,,,,,,,,,
2026-07-23T12:30:23.592878Z,145,DC01.darkzero.htb,Microsoft-Windows-WinRM,Microsoft-Windows-WinRM/Operational,547,4,,,,,Enumeration,,,,http://schemas.microsoft.com/wbem/wsman/1/config/listener,
2026-07-23T12:30:23.939973Z,132,DC01.darkzero.htb,Microsoft-Windows-WinRM,Microsoft-Windows-WinRM/Operational,548,4,,,,,Enumeration,,,,,
2026-07-23T12:30:24.252420Z,145,DC01.darkzero.htb,Microsoft-Windows-WinRM,Microsoft-Windows-WinRM/Operational,549,4,,,,,Enumeration,,,,http://schemas.microsoft.com/wbem/wsman/1/windows/shell,
2026-07-23T12:30:24.412846Z,132,DC01.darkzero.htb,Microsoft-Windows-WinRM,Microsoft-Windows-WinRM/Operational,550,4,,,,,Enumeration,,,,,
2026-07-23T12:35:48.165893Z,211,DC01.darkzero.htb,Microsoft-Windows-WinRM,Microsoft-Windows-WinRM/Operational,551,4,,,,,,,,,,
2026-07-23T12:35:48.705489Z,212,DC01.darkzero.htb,Microsoft-Windows-WinRM,Microsoft-Windows-WinRM/Operational,552,4,,,,,,,,,,
2026-07-23T13:02:23.326830Z,208,DC01.darkzero.htb,Microsoft-Windows-WinRM,Microsoft-Windows-WinRM/Operational,553,4,,,,,,,,,,
2026-07-23T13:02:24.847979Z,209,DC01.darkzero.htb,Microsoft-Windows-WinRM,Microsoft-Windows-WinRM/Operational,554,4,,,,,,,,,,
2026-07-23T13:02:51.282794Z,145,DC01.darkzero.htb,Microsoft-Windows-WinRM,Microsoft-Windows-WinRM/Operational,555,4,,,,,Enumeration,,,,http://schemas.microsoft.com/wbem/wsman/1/config/listener,
2026-07-23T13:02:51.707271Z,132,DC01.darkzero.htb,Microsoft-Windows-WinRM,Microsoft-Windows-WinRM/Operational,556,4,,,,,Enumeration,,,,,
2026-07-23T13:02:52.064689Z,145,DC01.darkzero.htb,Microsoft-Windows-WinRM,Microsoft-Windows-WinRM/Operational,557,4,,,,,Enumeration,,,,http://schemas.microsoft.com/wbem/wsman/1/windows/shell,
2026-07-23T13:02:52.081729Z,132,DC01.darkzero.htb,Microsoft-Windows-WinRM,Microsoft-Windows-WinRM/Operational,558,4,,,,,Enumeration,,,,,
2026-07-23T13:06:53.880819Z,211,DC01.darkzero.htb,Microsoft-Windows-WinRM,Microsoft-Windows-WinRM/Operational,559,4,,,,,,,,,,
2026-07-23T13:06:54.419607Z,212,DC01.darkzero.htb,Microsoft-Windows-WinRM,Microsoft-Windows-WinRM/Operational,560,4,,,,,,,,,,
2026-07-23T19:12:27.593493Z,208,DC01.darkzero.htb,Microsoft-Windows-WinRM,Microsoft-Windows-WinRM/Operational,561,4,,,,,,,,,,
2026-07-23T19:12:28.580439Z,209,DC01.darkzero.htb,Microsoft-Windows-WinRM,Microsoft-Windows-WinRM/Operational,562,4,,,,,,,,,,
2026-07-23T19:12:55.912096Z,145,DC01.darkzero.htb,Microsoft-Windows-WinRM,Microsoft-Windows-WinRM/Operational,563,4,,,,,Enumeration,,,,http://schemas.microsoft.com/wbem/wsman/1/config/listener,
2026-07-23T19:12:56.313714Z,132,DC01.darkzero.htb,Microsoft-Windows-WinRM,Microsoft-Windows-WinRM/Operational,564,4,,,,,Enumeration,,,,,
2026-07-23T19:12:56.815628Z,145,DC01.darkzero.htb,Microsoft-Windows-WinRM,Microsoft-Windows-WinRM/Operational,565,4,,,,,Enumeration,,,,http://schemas.microsoft.com/wbem/wsman/1/windows/shell,
2026-07-23T19:12:56.928371Z,132,DC01.darkzero.htb,Microsoft-Windows-WinRM,Microsoft-Windows-WinRM/Operational,566,4,,,,,Enumeration,,,,,
2026-07-23T19:35:51.352536Z,211,DC01.darkzero.htb,Microsoft-Windows-WinRM,Microsoft-Windows-WinRM/Operational,567,4,,,,,,,,,,
2026-07-23T19:35:51.905175Z,212,DC01.darkzero.htb,Microsoft-Windows-WinRM,Microsoft-Windows-WinRM/Operational,568,4,,,,,,,,,,
2026-07-23T19:42:49.500617Z,208,DC01.darkzero.htb,Microsoft-Windows-WinRM,Microsoft-Windows-WinRM/Operational,569,4,,,,,,,,,,
2026-07-23T19:42:50.652647Z,209,DC01.darkzero.htb,Microsoft-Windows-WinRM,Microsoft-Windows-WinRM/Operational,570,4,,,,,,,,,,
2026-07-23T19:43:16.977862Z,145,DC01.darkzero.htb,Microsoft-Windows-WinRM,Microsoft-Windows-WinRM/Operational,571,4,,,,,Enumeration,,,,http://schemas.microsoft.com/wbem/wsman/1/config/listener,
2026-07-23T19:43:17.232573Z,132,DC01.darkzero.htb,Microsoft-Windows-WinRM,Microsoft-Windows-WinRM/Operational,572,4,,,,,Enumeration,,,,,
2026-07-23T19:43:17.827693Z,145,DC01.darkzero.htb,Microsoft-Windows-WinRM,Microsoft-Windows-WinRM/Operational,573,4,,,,,Enumeration,,,,http://schemas.microsoft.com/wbem/wsman/1/windows/shell,
2026-07-23T19:43:17.840349Z,132,DC01.darkzero.htb,Microsoft-Windows-WinRM,Microsoft-Windows-WinRM/Operational,574,4,,,,,Enumeration,,,,,
2026-07-23T19:47:25.417674Z,211,DC01.darkzero.htb,Microsoft-Windows-WinRM,Microsoft-Windows-WinRM/Operational,575,4,,,,,,,,,,
2026-07-23T19:47:25.964018Z,212,DC01.darkzero.htb,Microsoft-Windows-WinRM,Microsoft-Windows-WinRM/Operational,576,4,,,,,,,,,,
2026-07-23T20:22:33.238550Z,208,DC01.darkzero.htb,Microsoft-Windows-WinRM,Microsoft-Windows-WinRM/Operational,577,4,,,,,,,,,,
2026-07-23T20:22:34.276448Z,209,DC01.darkzero.htb,Microsoft-Windows-WinRM,Microsoft-Windows-WinRM/Operational,578,4,,,,,,,,,,
2026-07-23T20:23:02.445388Z,145,DC01.darkzero.htb,Microsoft-Windows-WinRM,Microsoft-Windows-WinRM/Operational,579,4,,,,,Enumeration,,,,http://schemas.microsoft.com/wbem/wsman/1/config/listener,
2026-07-23T20:23:02.856090Z,132,DC01.darkzero.htb,Microsoft-Windows-WinRM,Microsoft-Windows-WinRM/Operational,580,4,,,,,Enumeration,,,,,
2026-07-23T20:23:03.221602Z,145,DC01.darkzero.htb,Microsoft-Windows-WinRM,Microsoft-Windows-WinRM/Operational,581,4,,,,,Enumeration,,,,http://schemas.microsoft.com/wbem/wsman/1/windows/shell,
2026-07-23T20:23:03.439617Z,132,DC01.darkzero.htb,Microsoft-Windows-WinRM,Microsoft-Windows-WinRM/Operational,582,4,,,,,Enumeration,,,,,
2026-07-23T20:42:08.607255Z,211,DC01.darkzero.htb,Microsoft-Windows-WinRM,Microsoft-Windows-WinRM/Operational,583,4,,,,,,,,,,
2026-07-23T20:42:09.175690Z,212,DC01.darkzero.htb,Microsoft-Windows-WinRM,Microsoft-Windows-WinRM/Operational,584,4,,,,,,,,,,
2026-07-23T20:49:59.486591Z,208,DC01.darkzero.htb,Microsoft-Windows-WinRM,Microsoft-Windows-WinRM/Operational,585,4,,,,,,,,,,
2026-07-23T20:50:01.969297Z,209,DC01.darkzero.htb,Microsoft-Windows-WinRM,Microsoft-Windows-WinRM/Operational,586,4,,,,,,,,,,
2026-07-23T20:50:32.104774Z,145,DC01.darkzero.htb,Microsoft-Windows-WinRM,Microsoft-Windows-WinRM/Operational,587,4,,,,,Enumeration,,,,http://schemas.microsoft.com/wbem/wsman/1/config/listener,
2026-07-23T20:50:32.902290Z,132,DC01.darkzero.htb,Microsoft-Windows-WinRM,Microsoft-Windows-WinRM/Operational,588,4,,,,,Enumeration,,,,,
2026-07-23T20:50:33.587598Z,145,DC01.darkzero.htb,Microsoft-Windows-WinRM,Microsoft-Windows-WinRM/Operational,589,4,,,,,Enumeration,,,,http://schemas.microsoft.com/wbem/wsman/1/windows/shell,
2026-07-23T20:50:34.520493Z,132,DC01.darkzero.htb,Microsoft-Windows-WinRM,Microsoft-Windows-WinRM/Operational,590,4,,,,,Enumeration,,,,,
2026-07-23T20:51:12.057349Z,211,DC01.darkzero.htb,Microsoft-Windows-WinRM,Microsoft-Windows-WinRM/Operational,591,4,,,,,,,,,,
2026-07-23T20:51:13.006340Z,212,DC01.darkzero.htb,Microsoft-Windows-WinRM,Microsoft-Windows-WinRM/Operational,592,4,,,,,,,,,,
2026-08-16T15:29:25.489618Z,208,DC01.darkzero.htb,Microsoft-Windows-WinRM,Microsoft-Windows-WinRM/Operational,593,4,,,,,,,,,,
2026-08-16T15:29:27.498659Z,209,DC01.darkzero.htb,Microsoft-Windows-WinRM,Microsoft-Windows-WinRM/Operational,594,4,,,,,,,,,,
2026-08-16T15:29:59.669733Z,145,DC01.darkzero.htb,Microsoft-Windows-WinRM,Microsoft-Windows-WinRM/Operational,595,4,,,,,Enumeration,,,,http://schemas.microsoft.com/wbem/wsman/1/config/listener,
2026-08-16T15:30:00.467741Z,132,DC01.darkzero.htb,Microsoft-Windows-WinRM,Microsoft-Windows-WinRM/Operational,596,4,,,,,Enumeration,,,,,
2026-08-16T15:30:01.359238Z,145,DC01.darkzero.htb,Microsoft-Windows-WinRM,Microsoft-Windows-WinRM/Operational,597,4,,,,,Enumeration,,,,http://schemas.microsoft.com/wbem/wsman/1/windows/shell,
2026-08-16T15:30:01.383511Z,132,DC01.darkzero.htb,Microsoft-Windows-WinRM,Microsoft-Windows-WinRM/Operational,598,4,,,,,Enumeration,,,,,
2026-08-16T19:45:43.874620Z,91,DC01.darkzero.htb,Microsoft-Windows-WinRM,Microsoft-Windows-WinRM/Operational,599,4,,,,,,,,,http://schemas.microsoft.com/wbem/wsman/1/windows/shell/cmd (darkzero\Administrator clientIP: 172.16.20.3),
2026-08-16T19:46:50.302553Z,91,DC01.darkzero.htb,Microsoft-Windows-WinRM,Microsoft-Windows-WinRM/Operational,600,4,,,,,,,,,http://schemas.microsoft.com/powershell/Microsoft.PowerShell (darkzero\Administrator clientIP: 172.16.20.3),
