TimeGenerated,EventID,Computer,Provider,Channel,RecordID,Level,Binary,Data_text,Data_text_0,Data_text_1,Data_text_2,Data_text_3,Data_text_4,Data_text_5,Data_text_6,Data_text_7
2025-08-13T11:01:11.771085Z,"{'#attributes': {'Qualifiers': 16384}, '#text': 1002}",DC01,DFSR,DFS Replication,1,4,,,,,,,,,,
2025-08-13T11:01:11.786653Z,"{'#attributes': {'Qualifiers': 16384}, '#text': 1004}",DC01,DFSR,DFS Replication,2,4,,,,,,,,,,
2025-08-13T11:01:11.864787Z,"{'#attributes': {'Qualifiers': 16384}, '#text': 1314}",DC01,DFSR,DFS Replication,3,4,,C:\Windows\debug,,,,,,,,
2025-08-13T11:01:13.411662Z,"{'#attributes': {'Qualifiers': 49152}, '#text': 6104}",DC01,DFSR,DFS Replication,4,2,,,2147749902,100e,,,,,,
2025-08-13T11:01:14.417496Z,"{'#attributes': {'Qualifiers': 49152}, '#text': 1202}",DC01,DFSR,DFS Replication,5,2,,,,60,1355,The specified domain either does not exist or could not be contacted.,,,,
2025-08-13T11:01:17.146034Z,"{'#attributes': {'Qualifiers': 16384}, '#text': 1006}",DC01,DFSR,DFS Replication,6,4,,,,,,,,,,
2025-08-13T11:01:30.189936Z,"{'#attributes': {'Qualifiers': 16384}, '#text': 1002}",DC01,DFSR,DFS Replication,7,4,,,,,,,,,,
2025-08-13T11:01:30.206018Z,"{'#attributes': {'Qualifiers': 16384}, '#text': 1004}",DC01,DFSR,DFS Replication,8,4,,,,,,,,,,
2025-08-13T11:01:30.252445Z,"{'#attributes': {'Qualifiers': 16384}, '#text': 1314}",DC01,DFSR,DFS Replication,9,4,,C:\Windows\debug,,,,,,,,
2025-08-13T11:01:32.185759Z,"{'#attributes': {'Qualifiers': 16384}, '#text': 6102}",DC01,DFSR,DFS Replication,10,4,,,,,,,,,,
2025-08-13T11:01:33.192575Z,"{'#attributes': {'Qualifiers': 49152}, '#text': 1202}",DC01,DFSR,DFS Replication,11,2,,,,60,1355,The specified domain either does not exist or could not be contacted.,,,,
2025-08-13T11:04:48.835530Z,"{'#attributes': {'Qualifiers': 16384}, '#text': 1006}",DC01,DFSR,DFS Replication,12,4,,,,,,,,,,
2025-08-13T11:04:49.400896Z,"{'#attributes': {'Qualifiers': 16384}, '#text': 1008}",DC01,DFSR,DFS Replication,13,4,,,,,,,,,,
2025-08-13T11:05:51.728835Z,"{'#attributes': {'Qualifiers': 16384}, '#text': 1002}",DC01.garfield.htb,DFSR,DFS Replication,14,4,,,,,,,,,,
2025-08-13T11:05:51.775689Z,"{'#attributes': {'Qualifiers': 16384}, '#text': 1004}",DC01.garfield.htb,DFSR,DFS Replication,15,4,,,,,,,,,,
2025-08-13T11:05:51.822565Z,"{'#attributes': {'Qualifiers': 16384}, '#text': 1314}",DC01.garfield.htb,DFSR,DFS Replication,16,4,,C:\Windows\debug,,,,,,,,
2025-08-13T11:05:53.510145Z,"{'#attributes': {'Qualifiers': 16384}, '#text': 6102}",DC01.garfield.htb,DFSR,DFS Replication,17,4,,,,,,,,,,
2025-08-13T11:06:04.088216Z,"{'#attributes': {'Qualifiers': 49152}, '#text': 1202}",DC01.garfield.htb,DFSR,DFS Replication,18,2,,,,60,160,One or more arguments are not correct.,,,,
2025-08-13T11:11:04.903513Z,"{'#attributes': {'Qualifiers': 16384}, '#text': 1206}",DC01.garfield.htb,DFSR,DFS Replication,19,4,,DC01.garfield.htb,,,,,,,,
2025-08-13T11:11:04.918816Z,"{'#attributes': {'Qualifiers': 16384}, '#text': 8000}",DC01.garfield.htb,DFSR,DFS Replication,20,4,,DC01,,,,,,,,
2025-08-13T11:11:04.934364Z,"{'#attributes': {'Qualifiers': 32768}, '#text': 6016}",DC01.garfield.htb,DFSR,DFS Replication,21,3,,,msDFSR-LocalSettings,"CN=DFSR-LocalSettings,CN=DC01,OU=Domain Controllers,DC=garfield,DC=htb",1355,The specified domain either does not exist or could not be contacted.,,60,,
2025-08-13T11:11:04.950281Z,"{'#attributes': {'Qualifiers': 16384}, '#text': 1210}",DC01.garfield.htb,DFSR,DFS Replication,22,4,,0,,,,,,,,
2025-08-13T11:11:05.045409Z,"{'#attributes': {'Qualifiers': 16384}, '#text': 4602}",DC01.garfield.htb,DFSR,DFS Replication,23,4,,,678A20B2-7178-4C63-A95D-7325F8648808,C:\Windows\SYSVOL\domain,SYSVOL Share,Domain System Volume,18A33DBF-744D-4345-9E99-7AF091B31969,9B243157-12B7-4220-90B0-6D41B5F79E8E,,0
2025-08-13T11:16:05.144605Z,"{'#attributes': {'Qualifiers': 16384}, '#text': 6018}",DC01.garfield.htb,DFSR,DFS Replication,24,4,,,DC01.garfield.htb,60,,,,,,
2025-08-16T23:24:41.761423Z,"{'#attributes': {'Qualifiers': 16384}, '#text': 1006}",DC01.garfield.htb,DFSR,DFS Replication,25,4,,,,,,,,,,
2025-08-16T23:24:42.042632Z,"{'#attributes': {'Qualifiers': 16384}, '#text': 1008}",DC01.garfield.htb,DFSR,DFS Replication,26,4,,,,,,,,,,
2025-08-16T23:24:42.793123Z,"{'#attributes': {'Qualifiers': 16384}, '#text': 1002}",DC01.garfield.htb,DFSR,DFS Replication,27,4,,,,,,,,,,
2025-08-16T23:24:42.793123Z,"{'#attributes': {'Qualifiers': 16384}, '#text': 1004}",DC01.garfield.htb,DFSR,DFS Replication,28,4,,,,,,,,,,
2025-08-16T23:24:42.793123Z,"{'#attributes': {'Qualifiers': 16384}, '#text': 1314}",DC01.garfield.htb,DFSR,DFS Replication,29,4,,C:\Windows\debug,,,,,,,,
2025-08-16T23:24:43.980525Z,"{'#attributes': {'Qualifiers': 16384}, '#text': 6102}",DC01.garfield.htb,DFSR,DFS Replication,30,4,,,,,,,,,,
2025-08-16T23:24:45.011466Z,"{'#attributes': {'Qualifiers': 16384}, '#text': 1206}",DC01.garfield.htb,DFSR,DFS Replication,31,4,,DC01.garfield.htb,,,,,,,,
2025-08-16T23:24:45.027003Z,"{'#attributes': {'Qualifiers': 16384}, '#text': 1210}",DC01.garfield.htb,DFSR,DFS Replication,32,4,,0,,,,,,,,
2025-08-16T23:24:45.105490Z,"{'#attributes': {'Qualifiers': 16384}, '#text': 4602}",DC01.garfield.htb,DFSR,DFS Replication,33,4,,,678A20B2-7178-4C63-A95D-7325F8648808,C:\Windows\SYSVOL\domain,SYSVOL Share,Domain System Volume,18A33DBF-744D-4345-9E99-7AF091B31969,9B243157-12B7-4220-90B0-6D41B5F79E8E,,0
2025-08-16T23:50:45.922684Z,"{'#attributes': {'Qualifiers': 16384}, '#text': 1006}",DC01.garfield.htb,DFSR,DFS Replication,34,4,,,,,,,,,,
2025-08-17T10:52:13.147177Z,"{'#attributes': {'Qualifiers': 16384}, '#text': 1002}",DC01.garfield.htb,DFSR,DFS Replication,35,4,,,,,,,,,,
2025-08-17T10:52:13.162922Z,"{'#attributes': {'Qualifiers': 16384}, '#text': 1004}",DC01.garfield.htb,DFSR,DFS Replication,36,4,,,,,,,,,,
2025-08-17T10:52:13.256553Z,"{'#attributes': {'Qualifiers': 16384}, '#text': 1314}",DC01.garfield.htb,DFSR,DFS Replication,37,4,,C:\Windows\debug,,,,,,,,
2025-08-17T10:52:14.678878Z,"{'#attributes': {'Qualifiers': 16384}, '#text': 6102}",DC01.garfield.htb,DFSR,DFS Replication,38,4,,,,,,,,,,
2025-08-17T10:52:21.116035Z,"{'#attributes': {'Qualifiers': 16384}, '#text': 1206}",DC01.garfield.htb,DFSR,DFS Replication,39,4,,DC01.garfield.htb,,,,,,,,
2025-08-17T10:52:21.162805Z,"{'#attributes': {'Qualifiers': 16384}, '#text': 1210}",DC01.garfield.htb,DFSR,DFS Replication,40,4,,0,,,,,,,,
2025-08-17T11:34:58.472209Z,"{'#attributes': {'Qualifiers': 16384}, '#text': 6806}",DC01.garfield.htb,DFSR,DFS Replication,41,4,,,18A33DBF-744D-4345-9E99-7AF091B31969,Domain System Volume,9B243157-12B7-4220-90B0-6D41B5F79E8E,,,,,
2025-08-17T11:34:58.659667Z,"{'#attributes': {'Qualifiers': 16384}, '#text': 6806}",DC01.garfield.htb,DFSR,DFS Replication,42,4,,,18A33DBF-744D-4345-9E99-7AF091B31969,Domain System Volume,9B243157-12B7-4220-90B0-6D41B5F79E8E,,,,,
2025-08-17T12:37:37.632764Z,"{'#attributes': {'Qualifiers': 16384}, '#text': 1006}",DC01.garfield.htb,DFSR,DFS Replication,43,4,,,,,,,,,,
2025-08-17T12:37:38.586405Z,"{'#attributes': {'Qualifiers': 16384}, '#text': 1008}",DC01.garfield.htb,DFSR,DFS Replication,44,4,,,,,,,,,,
2025-08-17T12:37:38.664665Z,"{'#attributes': {'Qualifiers': 16384}, '#text': 1002}",DC01.garfield.htb,DFSR,DFS Replication,45,4,,,,,,,,,,
2025-08-17T12:37:38.664665Z,"{'#attributes': {'Qualifiers': 16384}, '#text': 1004}",DC01.garfield.htb,DFSR,DFS Replication,46,4,,,,,,,,,,
2025-08-17T12:37:38.679895Z,"{'#attributes': {'Qualifiers': 16384}, '#text': 1314}",DC01.garfield.htb,DFSR,DFS Replication,47,4,,C:\Windows\debug,,,,,,,,
2025-08-17T12:37:39.882906Z,"{'#attributes': {'Qualifiers': 16384}, '#text': 6102}",DC01.garfield.htb,DFSR,DFS Replication,48,4,,,,,,,,,,
2025-08-17T12:37:40.898428Z,"{'#attributes': {'Qualifiers': 16384}, '#text': 1206}",DC01.garfield.htb,DFSR,DFS Replication,49,4,,DC01.garfield.htb,,,,,,,,
2025-08-17T12:37:40.945224Z,"{'#attributes': {'Qualifiers': 16384}, '#text': 1210}",DC01.garfield.htb,DFSR,DFS Replication,50,4,,0,,,,,,,,
2025-08-17T12:37:41.008190Z,"{'#attributes': {'Qualifiers': 16384}, '#text': 4602}",DC01.garfield.htb,DFSR,DFS Replication,51,4,,,678A20B2-7178-4C63-A95D-7325F8648808,C:\Windows\SYSVOL\domain,SYSVOL Share,Domain System Volume,18A33DBF-744D-4345-9E99-7AF091B31969,9B243157-12B7-4220-90B0-6D41B5F79E8E,,0
2025-08-17T12:37:44.617118Z,"{'#attributes': {'Qualifiers': 16384}, '#text': 6806}",DC01.garfield.htb,DFSR,DFS Replication,52,4,,,18A33DBF-744D-4345-9E99-7AF091B31969,Domain System Volume,9B243157-12B7-4220-90B0-6D41B5F79E8E,,,,,
2025-08-17T13:50:14.594561Z,"{'#attributes': {'Qualifiers': 16384}, '#text': 1006}",DC01.garfield.htb,DFSR,DFS Replication,53,4,,,,,,,,,,
2025-08-17T13:50:15.344344Z,"{'#attributes': {'Qualifiers': 16384}, '#text': 1008}",DC01.garfield.htb,DFSR,DFS Replication,54,4,,,,,,,,,,
2025-08-17T13:50:15.609783Z,"{'#attributes': {'Qualifiers': 16384}, '#text': 1002}",DC01.garfield.htb,DFSR,DFS Replication,55,4,,,,,,,,,,
2025-08-17T13:50:15.609783Z,"{'#attributes': {'Qualifiers': 16384}, '#text': 1004}",DC01.garfield.htb,DFSR,DFS Replication,56,4,,,,,,,,,,
2025-08-17T13:50:15.626320Z,"{'#attributes': {'Qualifiers': 16384}, '#text': 1314}",DC01.garfield.htb,DFSR,DFS Replication,57,4,,C:\Windows\debug,,,,,,,,
2025-08-17T13:50:16.786313Z,"{'#attributes': {'Qualifiers': 16384}, '#text': 6102}",DC01.garfield.htb,DFSR,DFS Replication,58,4,,,,,,,,,,
2025-08-17T13:50:17.813651Z,"{'#attributes': {'Qualifiers': 16384}, '#text': 1206}",DC01.garfield.htb,DFSR,DFS Replication,59,4,,DC01.garfield.htb,,,,,,,,
2025-08-17T13:50:17.829713Z,"{'#attributes': {'Qualifiers': 16384}, '#text': 1210}",DC01.garfield.htb,DFSR,DFS Replication,60,4,,0,,,,,,,,
2025-08-17T13:50:17.923166Z,"{'#attributes': {'Qualifiers': 16384}, '#text': 4602}",DC01.garfield.htb,DFSR,DFS Replication,61,4,,,678A20B2-7178-4C63-A95D-7325F8648808,C:\Windows\SYSVOL\domain,SYSVOL Share,Domain System Volume,18A33DBF-744D-4345-9E99-7AF091B31969,9B243157-12B7-4220-90B0-6D41B5F79E8E,,0
2025-08-17T13:50:21.392514Z,"{'#attributes': {'Qualifiers': 16384}, '#text': 6806}",DC01.garfield.htb,DFSR,DFS Replication,62,4,,,18A33DBF-744D-4345-9E99-7AF091B31969,Domain System Volume,9B243157-12B7-4220-90B0-6D41B5F79E8E,,,,,
2025-08-17T14:05:10.058012Z,"{'#attributes': {'Qualifiers': 16384}, '#text': 1006}",DC01.garfield.htb,DFSR,DFS Replication,63,4,,,,,,,,,,
2025-08-17T14:05:58.495852Z,"{'#attributes': {'Qualifiers': 16384}, '#text': 1002}",DC01.garfield.htb,DFSR,DFS Replication,64,4,,,,,,,,,,
2025-08-17T14:05:58.527100Z,"{'#attributes': {'Qualifiers': 16384}, '#text': 1004}",DC01.garfield.htb,DFSR,DFS Replication,65,4,,,,,,,,,,
2025-08-17T14:05:58.589640Z,"{'#attributes': {'Qualifiers': 16384}, '#text': 1314}",DC01.garfield.htb,DFSR,DFS Replication,66,4,,C:\Windows\debug,,,,,,,,
2025-08-17T14:06:00.042722Z,"{'#attributes': {'Qualifiers': 16384}, '#text': 6102}",DC01.garfield.htb,DFSR,DFS Replication,67,4,,,,,,,,,,
2025-08-17T14:06:10.745883Z,"{'#attributes': {'Qualifiers': 49152}, '#text': 1202}",DC01.garfield.htb,DFSR,DFS Replication,68,2,,,,60,160,One or more arguments are not correct.,,,,
2025-08-17T14:11:10.983212Z,"{'#attributes': {'Qualifiers': 16384}, '#text': 1206}",DC01.garfield.htb,DFSR,DFS Replication,69,4,,DC01.garfield.htb,,,,,,,,
2025-08-17T14:11:11.016475Z,"{'#attributes': {'Qualifiers': 16384}, '#text': 1210}",DC01.garfield.htb,DFSR,DFS Replication,70,4,,0,,,,,,,,
2025-08-17T15:49:51.695582Z,"{'#attributes': {'Qualifiers': 16384}, '#text': 1006}",DC01.garfield.htb,DFSR,DFS Replication,71,4,,,,,,,,,,
2025-09-09T15:25:50.178388Z,"{'#attributes': {'Qualifiers': 16384}, '#text': 1002}",DC01.garfield.htb,DFSR,DFS Replication,72,4,,,,,,,,,,
2025-09-09T15:25:50.193942Z,"{'#attributes': {'Qualifiers': 16384}, '#text': 1004}",DC01.garfield.htb,DFSR,DFS Replication,73,4,,,,,,,,,,
2025-09-09T15:25:50.272287Z,"{'#attributes': {'Qualifiers': 16384}, '#text': 1314}",DC01.garfield.htb,DFSR,DFS Replication,74,4,,C:\Windows\debug,,,,,,,,
2025-09-09T15:25:51.647350Z,"{'#attributes': {'Qualifiers': 16384}, '#text': 6102}",DC01.garfield.htb,DFSR,DFS Replication,75,4,,,,,,,,,,
2025-09-09T15:26:02.428315Z,"{'#attributes': {'Qualifiers': 16384}, '#text': 1206}",DC01.garfield.htb,DFSR,DFS Replication,76,4,,DC01.garfield.htb,,,,,,,,
2025-09-09T15:26:02.475469Z,"{'#attributes': {'Qualifiers': 16384}, '#text': 1210}",DC01.garfield.htb,DFSR,DFS Replication,77,4,,0,,,,,,,,
2025-09-09T15:26:02.522292Z,"{'#attributes': {'Qualifiers': 32768}, '#text': 2212}",DC01.garfield.htb,DFSR,DFS Replication,78,3,,,3F6CED51-6055-4217-9379-7EADE066C073,C:,,,,,,
2025-09-09T15:26:02.537719Z,"{'#attributes': {'Qualifiers': 16384}, '#text': 2218}",DC01.garfield.htb,DFSR,DFS Replication,79,4,,,3F6CED51-6055-4217-9379-7EADE066C073,C:,,,,,,
2025-09-09T15:26:02.553342Z,"{'#attributes': {'Qualifiers': 16384}, '#text': 2214}",DC01.garfield.htb,DFSR,DFS Replication,80,4,,,3F6CED51-6055-4217-9379-7EADE066C073,C:,,,,,,
2025-09-09T17:31:10.947929Z,"{'#attributes': {'Qualifiers': 16384}, '#text': 1006}",DC01.garfield.htb,DFSR,DFS Replication,81,4,,,,,,,,,,
2025-09-09T17:31:58.612449Z,"{'#attributes': {'Qualifiers': 16384}, '#text': 1002}",DC01.garfield.htb,DFSR,DFS Replication,82,4,,,,,,,,,,
2025-09-09T17:31:58.612449Z,"{'#attributes': {'Qualifiers': 16384}, '#text': 1004}",DC01.garfield.htb,DFSR,DFS Replication,83,4,,,,,,,,,,
2025-09-09T17:31:58.690545Z,"{'#attributes': {'Qualifiers': 16384}, '#text': 1314}",DC01.garfield.htb,DFSR,DFS Replication,84,4,,C:\Windows\debug,,,,,,,,
2025-09-09T17:32:00.050937Z,"{'#attributes': {'Qualifiers': 16384}, '#text': 6102}",DC01.garfield.htb,DFSR,DFS Replication,85,4,,,,,,,,,,
2025-09-09T17:32:10.800059Z,"{'#attributes': {'Qualifiers': 49152}, '#text': 1202}",DC01.garfield.htb,DFSR,DFS Replication,86,2,,,,60,160,One or more arguments are not correct.,,,,
2025-09-09T17:37:11.354742Z,"{'#attributes': {'Qualifiers': 16384}, '#text': 1206}",DC01.garfield.htb,DFSR,DFS Replication,87,4,,DC01.garfield.htb,,,,,,,,
2025-09-09T17:37:11.385468Z,"{'#attributes': {'Qualifiers': 16384}, '#text': 1210}",DC01.garfield.htb,DFSR,DFS Replication,88,4,,0,,,,,,,,
2025-09-09T18:56:35.561832Z,"{'#attributes': {'Qualifiers': 16384}, '#text': 1006}",DC01.garfield.htb,DFSR,DFS Replication,89,4,,,,,,,,,,
2025-09-09T18:57:21.451041Z,"{'#attributes': {'Qualifiers': 16384}, '#text': 1002}",DC01.garfield.htb,DFSR,DFS Replication,90,4,,,,,,,,,,
2025-09-09T18:57:21.466631Z,"{'#attributes': {'Qualifiers': 16384}, '#text': 1004}",DC01.garfield.htb,DFSR,DFS Replication,91,4,,,,,,,,,,
2025-09-09T18:57:21.513867Z,"{'#attributes': {'Qualifiers': 16384}, '#text': 1314}",DC01.garfield.htb,DFSR,DFS Replication,92,4,,C:\Windows\debug,,,,,,,,
2025-09-09T18:57:22.919829Z,"{'#attributes': {'Qualifiers': 16384}, '#text': 6102}",DC01.garfield.htb,DFSR,DFS Replication,93,4,,,,,,,,,,
2025-09-09T18:57:33.654197Z,"{'#attributes': {'Qualifiers': 49152}, '#text': 1202}",DC01.garfield.htb,DFSR,DFS Replication,94,2,,,,60,160,One or more arguments are not correct.,,,,
2025-09-09T19:02:33.864786Z,"{'#attributes': {'Qualifiers': 16384}, '#text': 1206}",DC01.garfield.htb,DFSR,DFS Replication,95,4,,DC01.garfield.htb,,,,,,,,
2025-09-09T19:02:33.894791Z,"{'#attributes': {'Qualifiers': 16384}, '#text': 1210}",DC01.garfield.htb,DFSR,DFS Replication,96,4,,0,,,,,,,,
2025-09-10T09:54:45.556339Z,"{'#attributes': {'Qualifiers': 16384}, '#text': 1002}",DC01.garfield.htb,DFSR,DFS Replication,97,4,,,,,,,,,,
2025-09-10T09:54:45.572005Z,"{'#attributes': {'Qualifiers': 16384}, '#text': 1004}",DC01.garfield.htb,DFSR,DFS Replication,98,4,,,,,,,,,,
2025-09-10T09:54:45.634575Z,"{'#attributes': {'Qualifiers': 16384}, '#text': 1314}",DC01.garfield.htb,DFSR,DFS Replication,99,4,,C:\Windows\debug,,,,,,,,
2025-09-10T09:54:47.118859Z,"{'#attributes': {'Qualifiers': 16384}, '#text': 6102}",DC01.garfield.htb,DFSR,DFS Replication,100,4,,,,,,,,,,
2025-09-10T09:54:57.790675Z,"{'#attributes': {'Qualifiers': 49152}, '#text': 1202}",DC01.garfield.htb,DFSR,DFS Replication,101,2,,,,60,160,One or more arguments are not correct.,,,,
2025-09-10T09:59:58.270395Z,"{'#attributes': {'Qualifiers': 16384}, '#text': 1206}",DC01.garfield.htb,DFSR,DFS Replication,102,4,,DC01.garfield.htb,,,,,,,,
2025-09-10T09:59:58.301836Z,"{'#attributes': {'Qualifiers': 16384}, '#text': 1210}",DC01.garfield.htb,DFSR,DFS Replication,103,4,,0,,,,,,,,
2025-09-10T11:33:30.904530Z,"{'#attributes': {'Qualifiers': 16384}, '#text': 1006}",DC01.garfield.htb,DFSR,DFS Replication,104,4,,,,,,,,,,
2025-09-10T11:51:45.070831Z,"{'#attributes': {'Qualifiers': 16384}, '#text': 1002}",DC01.garfield.htb,DFSR,DFS Replication,105,4,,,,,,,,,,
2025-09-10T11:51:45.070831Z,"{'#attributes': {'Qualifiers': 16384}, '#text': 1004}",DC01.garfield.htb,DFSR,DFS Replication,106,4,,,,,,,,,,
2025-09-10T11:51:45.148956Z,"{'#attributes': {'Qualifiers': 16384}, '#text': 1314}",DC01.garfield.htb,DFSR,DFS Replication,107,4,,C:\Windows\debug,,,,,,,,
2025-09-10T11:51:46.539573Z,"{'#attributes': {'Qualifiers': 16384}, '#text': 6102}",DC01.garfield.htb,DFSR,DFS Replication,108,4,,,,,,,,,,
2025-09-10T11:51:57.289675Z,"{'#attributes': {'Qualifiers': 49152}, '#text': 1202}",DC01.garfield.htb,DFSR,DFS Replication,109,2,,,,60,160,One or more arguments are not correct.,,,,
2025-09-10T11:56:58.417686Z,"{'#attributes': {'Qualifiers': 16384}, '#text': 1206}",DC01.garfield.htb,DFSR,DFS Replication,110,4,,DC01.garfield.htb,,,,,,,,
2025-09-10T11:56:58.488125Z,"{'#attributes': {'Qualifiers': 16384}, '#text': 1210}",DC01.garfield.htb,DFSR,DFS Replication,111,4,,0,,,,,,,,
2025-09-12T15:06:01.096049Z,"{'#attributes': {'Qualifiers': 16384}, '#text': 1002}",DC01.garfield.htb,DFSR,DFS Replication,112,4,,,,,,,,,,
2025-09-12T15:06:01.111624Z,"{'#attributes': {'Qualifiers': 16384}, '#text': 1004}",DC01.garfield.htb,DFSR,DFS Replication,113,4,,,,,,,,,,
2025-09-12T15:06:01.189759Z,"{'#attributes': {'Qualifiers': 16384}, '#text': 1314}",DC01.garfield.htb,DFSR,DFS Replication,114,4,,C:\Windows\debug,,,,,,,,
2025-09-12T15:06:02.627673Z,"{'#attributes': {'Qualifiers': 16384}, '#text': 6102}",DC01.garfield.htb,DFSR,DFS Replication,115,4,,,,,,,,,,
2025-09-12T15:06:13.319063Z,"{'#attributes': {'Qualifiers': 49152}, '#text': 1202}",DC01.garfield.htb,DFSR,DFS Replication,116,2,,,,60,160,One or more arguments are not correct.,,,,
2025-09-12T15:11:13.958142Z,"{'#attributes': {'Qualifiers': 16384}, '#text': 1206}",DC01.garfield.htb,DFSR,DFS Replication,117,4,,DC01.garfield.htb,,,,,,,,
2025-09-12T15:11:14.003152Z,"{'#attributes': {'Qualifiers': 16384}, '#text': 1210}",DC01.garfield.htb,DFSR,DFS Replication,118,4,,0,,,,,,,,
2025-09-12T15:11:14.127964Z,"{'#attributes': {'Qualifiers': 32768}, '#text': 2212}",DC01.garfield.htb,DFSR,DFS Replication,119,3,,,3F6CED51-6055-4217-9379-7EADE066C073,C:,,,,,,
2025-09-12T15:11:14.127964Z,"{'#attributes': {'Qualifiers': 16384}, '#text': 2218}",DC01.garfield.htb,DFSR,DFS Replication,120,4,,,3F6CED51-6055-4217-9379-7EADE066C073,C:,,,,,,
2025-09-12T15:11:14.143893Z,"{'#attributes': {'Qualifiers': 16384}, '#text': 2214}",DC01.garfield.htb,DFSR,DFS Replication,121,4,,,3F6CED51-6055-4217-9379-7EADE066C073,C:,,,,,,
2025-09-12T22:11:03.992861Z,"{'#attributes': {'Qualifiers': 16384}, '#text': 1002}",DC01.garfield.htb,DFSR,DFS Replication,122,4,,,,,,,,,,
2025-09-12T22:11:04.008459Z,"{'#attributes': {'Qualifiers': 16384}, '#text': 1004}",DC01.garfield.htb,DFSR,DFS Replication,123,4,,,,,,,,,,
2025-09-12T22:11:04.086587Z,"{'#attributes': {'Qualifiers': 16384}, '#text': 1314}",DC01.garfield.htb,DFSR,DFS Replication,124,4,,C:\Windows\debug,,,,,,,,
2025-09-12T22:11:05.477661Z,"{'#attributes': {'Qualifiers': 16384}, '#text': 6102}",DC01.garfield.htb,DFSR,DFS Replication,125,4,,,,,,,,,,
2025-09-12T22:11:16.164694Z,"{'#attributes': {'Qualifiers': 49152}, '#text': 1202}",DC01.garfield.htb,DFSR,DFS Replication,126,2,,,,60,160,One or more arguments are not correct.,,,,
2025-09-12T22:16:16.228861Z,"{'#attributes': {'Qualifiers': 16384}, '#text': 1206}",DC01.garfield.htb,DFSR,DFS Replication,127,4,,DC01.garfield.htb,,,,,,,,
2025-09-12T22:16:16.259921Z,"{'#attributes': {'Qualifiers': 16384}, '#text': 1210}",DC01.garfield.htb,DFSR,DFS Replication,128,4,,0,,,,,,,,
2025-09-12T22:16:16.468278Z,"{'#attributes': {'Qualifiers': 32768}, '#text': 2212}",DC01.garfield.htb,DFSR,DFS Replication,129,3,,,3F6CED51-6055-4217-9379-7EADE066C073,C:,,,,,,
2025-09-12T22:16:16.468278Z,"{'#attributes': {'Qualifiers': 16384}, '#text': 2218}",DC01.garfield.htb,DFSR,DFS Replication,130,4,,,3F6CED51-6055-4217-9379-7EADE066C073,C:,,,,,,
2025-09-12T22:16:16.479626Z,"{'#attributes': {'Qualifiers': 16384}, '#text': 2214}",DC01.garfield.htb,DFSR,DFS Replication,131,4,,,3F6CED51-6055-4217-9379-7EADE066C073,C:,,,,,,
2025-09-12T22:42:10.368135Z,"{'#attributes': {'Qualifiers': 16384}, '#text': 1006}",DC01.garfield.htb,DFSR,DFS Replication,132,4,,,,,,,,,,
2025-09-12T22:42:56.538928Z,"{'#attributes': {'Qualifiers': 16384}, '#text': 1002}",DC01.garfield.htb,DFSR,DFS Replication,133,4,,,,,,,,,,
2025-09-12T22:42:56.554578Z,"{'#attributes': {'Qualifiers': 16384}, '#text': 1004}",DC01.garfield.htb,DFSR,DFS Replication,134,4,,,,,,,,,,
2025-09-12T22:42:56.601412Z,"{'#attributes': {'Qualifiers': 16384}, '#text': 1314}",DC01.garfield.htb,DFSR,DFS Replication,135,4,,C:\Windows\debug,,,,,,,,
2025-09-12T22:42:58.023846Z,"{'#attributes': {'Qualifiers': 16384}, '#text': 6102}",DC01.garfield.htb,DFSR,DFS Replication,136,4,,,,,,,,,,
2025-09-12T22:43:08.710772Z,"{'#attributes': {'Qualifiers': 49152}, '#text': 1202}",DC01.garfield.htb,DFSR,DFS Replication,137,2,,,,60,160,One or more arguments are not correct.,,,,
2025-10-03T17:21:50.167986Z,"{'#attributes': {'Qualifiers': 16384}, '#text': 1006}",DC01.garfield.htb,DFSR,DFS Replication,138,4,,,,,,,,,,
2025-10-03T17:21:50.712730Z,"{'#attributes': {'Qualifiers': 16384}, '#text': 1008}",DC01.garfield.htb,DFSR,DFS Replication,139,4,,,,,,,,,,
2025-10-03T17:21:52.181333Z,"{'#attributes': {'Qualifiers': 16384}, '#text': 1002}",DC01.garfield.htb,DFSR,DFS Replication,140,4,,,,,,,,,,
2025-10-03T17:21:52.197192Z,"{'#attributes': {'Qualifiers': 16384}, '#text': 1004}",DC01.garfield.htb,DFSR,DFS Replication,141,4,,,,,,,,,,
2025-10-03T17:21:52.197192Z,"{'#attributes': {'Qualifiers': 16384}, '#text': 1314}",DC01.garfield.htb,DFSR,DFS Replication,142,4,,C:\Windows\debug,,,,,,,,
2025-10-03T17:21:53.290169Z,"{'#attributes': {'Qualifiers': 16384}, '#text': 6102}",DC01.garfield.htb,DFSR,DFS Replication,143,4,,,,,,,,,,
2025-10-03T17:21:54.310215Z,"{'#attributes': {'Qualifiers': 16384}, '#text': 1206}",DC01.garfield.htb,DFSR,DFS Replication,144,4,,DC01.garfield.htb,,,,,,,,
2025-10-03T17:21:54.341018Z,"{'#attributes': {'Qualifiers': 16384}, '#text': 1210}",DC01.garfield.htb,DFSR,DFS Replication,145,4,,0,,,,,,,,
2025-10-03T17:21:54.417516Z,"{'#attributes': {'Qualifiers': 16384}, '#text': 4602}",DC01.garfield.htb,DFSR,DFS Replication,146,4,,,678A20B2-7178-4C63-A95D-7325F8648808,C:\Windows\SYSVOL\domain,SYSVOL Share,Domain System Volume,18A33DBF-744D-4345-9E99-7AF091B31969,9B243157-12B7-4220-90B0-6D41B5F79E8E,,0
2025-11-21T22:11:57.989049Z,"{'#attributes': {'Qualifiers': 16384}, '#text': 1006}",DC01.garfield.htb,DFSR,DFS Replication,147,4,,,,,,,,,,
2025-11-21T22:12:47.721114Z,"{'#attributes': {'Qualifiers': 16384}, '#text': 1002}",DC01.garfield.htb,DFSR,DFS Replication,148,4,,,,,,,,,,
2025-11-21T22:12:47.740085Z,"{'#attributes': {'Qualifiers': 16384}, '#text': 1004}",DC01.garfield.htb,DFSR,DFS Replication,149,4,,,,,,,,,,
2025-11-21T22:12:47.846111Z,"{'#attributes': {'Qualifiers': 16384}, '#text': 1314}",DC01.garfield.htb,DFSR,DFS Replication,150,4,,C:\Windows\debug,,,,,,,,
2025-11-21T22:12:51.986715Z,"{'#attributes': {'Qualifiers': 16384}, '#text': 6102}",DC01.garfield.htb,DFSR,DFS Replication,151,4,,,,,,,,,,
2025-11-21T22:12:59.877387Z,"{'#attributes': {'Qualifiers': 49152}, '#text': 1202}",DC01.garfield.htb,DFSR,DFS Replication,152,2,,,,60,160,One or more arguments are not correct.,,,,
2025-11-21T22:18:00.616387Z,"{'#attributes': {'Qualifiers': 16384}, '#text': 1206}",DC01.garfield.htb,DFSR,DFS Replication,153,4,,DC01.garfield.htb,,,,,,,,
2025-11-21T22:18:00.647801Z,"{'#attributes': {'Qualifiers': 16384}, '#text': 1210}",DC01.garfield.htb,DFSR,DFS Replication,154,4,,0,,,,,,,,
2025-11-21T22:18:00.713203Z,"{'#attributes': {'Qualifiers': 32768}, '#text': 2212}",DC01.garfield.htb,DFSR,DFS Replication,155,3,,,3F6CED51-6055-4217-9379-7EADE066C073,C:,,,,,,
2025-11-21T22:18:00.713203Z,"{'#attributes': {'Qualifiers': 16384}, '#text': 2218}",DC01.garfield.htb,DFSR,DFS Replication,156,4,,,3F6CED51-6055-4217-9379-7EADE066C073,C:,,,,,,
2025-11-21T22:18:00.725811Z,"{'#attributes': {'Qualifiers': 16384}, '#text': 2214}",DC01.garfield.htb,DFSR,DFS Replication,157,4,,,3F6CED51-6055-4217-9379-7EADE066C073,C:,,,,,,
2025-11-21T22:27:49.104365Z,"{'#attributes': {'Qualifiers': 16384}, '#text': 1006}",DC01.garfield.htb,DFSR,DFS Replication,158,4,,,,,,,,,,
2025-12-20T23:42:00.934606Z,"{'#attributes': {'Qualifiers': 16384}, '#text': 1002}",DC01.garfield.htb,DFSR,DFS Replication,159,4,,,,,,,,,,
2025-12-20T23:42:00.934606Z,"{'#attributes': {'Qualifiers': 16384}, '#text': 1004}",DC01.garfield.htb,DFSR,DFS Replication,160,4,,,,,,,,,,
2025-12-20T23:42:00.997086Z,"{'#attributes': {'Qualifiers': 16384}, '#text': 1314}",DC01.garfield.htb,DFSR,DFS Replication,161,4,,C:\Windows\debug,,,,,,,,
2025-12-20T23:42:02.419416Z,"{'#attributes': {'Qualifiers': 16384}, '#text': 6102}",DC01.garfield.htb,DFSR,DFS Replication,162,4,,,,,,,,,,
2025-12-20T23:42:13.106590Z,"{'#attributes': {'Qualifiers': 49152}, '#text': 1202}",DC01.garfield.htb,DFSR,DFS Replication,163,2,,,,60,160,One or more arguments are not correct.,,,,
2025-12-20T23:50:52.112313Z,"{'#attributes': {'Qualifiers': 16384}, '#text': 1002}",DC01.garfield.htb,DFSR,DFS Replication,164,4,,,,,,,,,,
2025-12-20T23:50:52.127906Z,"{'#attributes': {'Qualifiers': 16384}, '#text': 1004}",DC01.garfield.htb,DFSR,DFS Replication,165,4,,,,,,,,,,
2025-12-20T23:50:52.190434Z,"{'#attributes': {'Qualifiers': 16384}, '#text': 1314}",DC01.garfield.htb,DFSR,DFS Replication,166,4,,C:\Windows\debug,,,,,,,,
2025-12-20T23:50:53.565576Z,"{'#attributes': {'Qualifiers': 16384}, '#text': 6102}",DC01.garfield.htb,DFSR,DFS Replication,167,4,,,,,,,,,,
2025-12-20T23:51:04.323984Z,"{'#attributes': {'Qualifiers': 49152}, '#text': 1202}",DC01.garfield.htb,DFSR,DFS Replication,168,2,,,,60,160,One or more arguments are not correct.,,,,
2025-12-20T23:53:29.637567Z,"{'#attributes': {'Qualifiers': 16384}, '#text': 1006}",DC01.garfield.htb,DFSR,DFS Replication,169,4,,,,,,,,,,
2026-01-13T13:56:14.946357Z,"{'#attributes': {'Qualifiers': 16384}, '#text': 1002}",DC01.garfield.htb,DFSR,DFS Replication,170,4,,,,,,,,,,
2026-01-13T13:56:14.962119Z,"{'#attributes': {'Qualifiers': 16384}, '#text': 1004}",DC01.garfield.htb,DFSR,DFS Replication,171,4,,,,,,,,,,
2026-01-13T13:56:15.056925Z,"{'#attributes': {'Qualifiers': 16384}, '#text': 1314}",DC01.garfield.htb,DFSR,DFS Replication,172,4,,C:\Windows\debug,,,,,,,,
2026-01-13T13:56:16.430780Z,"{'#attributes': {'Qualifiers': 16384}, '#text': 6102}",DC01.garfield.htb,DFSR,DFS Replication,173,4,,,,,,,,,,
2026-01-13T13:56:27.152488Z,"{'#attributes': {'Qualifiers': 49152}, '#text': 1202}",DC01.garfield.htb,DFSR,DFS Replication,174,2,,,,60,160,One or more arguments are not correct.,,,,
2026-01-13T14:01:27.757100Z,"{'#attributes': {'Qualifiers': 16384}, '#text': 1206}",DC01.garfield.htb,DFSR,DFS Replication,175,4,,DC01.garfield.htb,,,,,,,,
2026-01-13T14:01:27.788580Z,"{'#attributes': {'Qualifiers': 16384}, '#text': 1210}",DC01.garfield.htb,DFSR,DFS Replication,176,4,,0,,,,,,,,
2026-01-13T14:04:22.996531Z,"{'#attributes': {'Qualifiers': 16384}, '#text': 1006}",DC01.garfield.htb,DFSR,DFS Replication,177,4,,,,,,,,,,
2026-01-13T14:05:14.068270Z,"{'#attributes': {'Qualifiers': 16384}, '#text': 1002}",DC01.garfield.htb,DFSR,DFS Replication,178,4,,,,,,,,,,
2026-01-13T14:05:14.083974Z,"{'#attributes': {'Qualifiers': 16384}, '#text': 1004}",DC01.garfield.htb,DFSR,DFS Replication,179,4,,,,,,,,,,
2026-01-13T14:05:14.146521Z,"{'#attributes': {'Qualifiers': 16384}, '#text': 1314}",DC01.garfield.htb,DFSR,DFS Replication,180,4,,C:\Windows\debug,,,,,,,,
2026-01-13T14:05:15.524101Z,"{'#attributes': {'Qualifiers': 16384}, '#text': 6102}",DC01.garfield.htb,DFSR,DFS Replication,181,4,,,,,,,,,,
2026-01-13T14:05:31.548578Z,"{'#attributes': {'Qualifiers': 16384}, '#text': 1206}",DC01.garfield.htb,DFSR,DFS Replication,182,4,,DC01.garfield.htb,,,,,,,,
2026-01-13T14:05:31.606951Z,"{'#attributes': {'Qualifiers': 16384}, '#text': 1210}",DC01.garfield.htb,DFSR,DFS Replication,183,4,,0,,,,,,,,
2026-01-13T14:52:34.506186Z,"{'#attributes': {'Qualifiers': 16384}, '#text': 1002}",DC01.garfield.htb,DFSR,DFS Replication,184,4,,,,,,,,,,
2026-01-13T14:52:34.537438Z,"{'#attributes': {'Qualifiers': 16384}, '#text': 1004}",DC01.garfield.htb,DFSR,DFS Replication,185,4,,,,,,,,,,
2026-01-13T14:52:34.631166Z,"{'#attributes': {'Qualifiers': 16384}, '#text': 1314}",DC01.garfield.htb,DFSR,DFS Replication,186,4,,C:\Windows\debug,,,,,,,,
2026-01-13T14:52:36.037581Z,"{'#attributes': {'Qualifiers': 16384}, '#text': 6102}",DC01.garfield.htb,DFSR,DFS Replication,187,4,,,,,,,,,,
2026-01-13T14:52:52.077171Z,"{'#attributes': {'Qualifiers': 16384}, '#text': 1206}",DC01.garfield.htb,DFSR,DFS Replication,188,4,,DC01.garfield.htb,,,,,,,,
2026-01-13T14:52:52.114161Z,"{'#attributes': {'Qualifiers': 16384}, '#text': 1210}",DC01.garfield.htb,DFSR,DFS Replication,189,4,,0,,,,,,,,
2026-01-13T15:09:21.428143Z,"{'#attributes': {'Qualifiers': 16384}, '#text': 1006}",DC01.garfield.htb,DFSR,DFS Replication,190,4,,,,,,,,,,
2026-01-13T15:10:07.325554Z,"{'#attributes': {'Qualifiers': 16384}, '#text': 1002}",DC01.garfield.htb,DFSR,DFS Replication,191,4,,,,,,,,,,
2026-01-13T15:10:07.356851Z,"{'#attributes': {'Qualifiers': 16384}, '#text': 1004}",DC01.garfield.htb,DFSR,DFS Replication,192,4,,,,,,,,,,
2026-01-13T15:10:07.403677Z,"{'#attributes': {'Qualifiers': 16384}, '#text': 1314}",DC01.garfield.htb,DFSR,DFS Replication,193,4,,C:\Windows\debug,,,,,,,,
2026-01-13T15:10:11.654580Z,"{'#attributes': {'Qualifiers': 16384}, '#text': 6102}",DC01.garfield.htb,DFSR,DFS Replication,194,4,,,,,,,,,,
2026-01-13T15:10:19.568040Z,"{'#attributes': {'Qualifiers': 49152}, '#text': 1202}",DC01.garfield.htb,DFSR,DFS Replication,195,2,,,,60,160,One or more arguments are not correct.,,,,
2026-01-13T15:10:20.782112Z,"{'#attributes': {'Qualifiers': 16384}, '#text': 1006}",DC01.garfield.htb,DFSR,DFS Replication,196,4,,,,,,,,,,
2026-01-13T15:11:07.394141Z,"{'#attributes': {'Qualifiers': 16384}, '#text': 1002}",DC01.garfield.htb,DFSR,DFS Replication,197,4,,,,,,,,,,
2026-01-13T15:11:07.425428Z,"{'#attributes': {'Qualifiers': 16384}, '#text': 1004}",DC01.garfield.htb,DFSR,DFS Replication,198,4,,,,,,,,,,
2026-01-13T15:11:07.456790Z,"{'#attributes': {'Qualifiers': 16384}, '#text': 1314}",DC01.garfield.htb,DFSR,DFS Replication,199,4,,C:\Windows\debug,,,,,,,,
2026-01-13T15:11:08.832684Z,"{'#attributes': {'Qualifiers': 16384}, '#text': 6102}",DC01.garfield.htb,DFSR,DFS Replication,200,4,,,,,,,,,,
2026-01-13T15:11:19.597253Z,"{'#attributes': {'Qualifiers': 49152}, '#text': 1202}",DC01.garfield.htb,DFSR,DFS Replication,201,2,,,,60,160,One or more arguments are not correct.,,,,
2026-01-13T15:16:20.429249Z,"{'#attributes': {'Qualifiers': 16384}, '#text': 1206}",DC01.garfield.htb,DFSR,DFS Replication,202,4,,DC01.garfield.htb,,,,,,,,
2026-01-13T15:16:20.474685Z,"{'#attributes': {'Qualifiers': 16384}, '#text': 1210}",DC01.garfield.htb,DFSR,DFS Replication,203,4,,0,,,,,,,,
2026-01-13T15:21:57.760659Z,"{'#attributes': {'Qualifiers': 16384}, '#text': 1006}",DC01.garfield.htb,DFSR,DFS Replication,204,4,,,,,,,,,,
2026-01-13T15:21:58.682976Z,"{'#attributes': {'Qualifiers': 16384}, '#text': 1008}",DC01.garfield.htb,DFSR,DFS Replication,205,4,,,,,,,,,,
2026-01-13T15:21:58.791979Z,"{'#attributes': {'Qualifiers': 16384}, '#text': 1002}",DC01.garfield.htb,DFSR,DFS Replication,206,4,,,,,,,,,,
2026-01-13T15:21:58.791979Z,"{'#attributes': {'Qualifiers': 16384}, '#text': 1004}",DC01.garfield.htb,DFSR,DFS Replication,207,4,,,,,,,,,,
2026-01-13T15:21:58.791979Z,"{'#attributes': {'Qualifiers': 16384}, '#text': 1314}",DC01.garfield.htb,DFSR,DFS Replication,208,4,,C:\Windows\debug,,,,,,,,
2026-01-13T15:21:59.932881Z,"{'#attributes': {'Qualifiers': 16384}, '#text': 6102}",DC01.garfield.htb,DFSR,DFS Replication,209,4,,,,,,,,,,
2026-01-13T15:22:00.963791Z,"{'#attributes': {'Qualifiers': 16384}, '#text': 1206}",DC01.garfield.htb,DFSR,DFS Replication,210,4,,DC01.garfield.htb,,,,,,,,
2026-01-13T15:22:00.995080Z,"{'#attributes': {'Qualifiers': 16384}, '#text': 1210}",DC01.garfield.htb,DFSR,DFS Replication,211,4,,0,,,,,,,,
2026-01-13T15:22:01.104457Z,"{'#attributes': {'Qualifiers': 16384}, '#text': 4602}",DC01.garfield.htb,DFSR,DFS Replication,212,4,,,678A20B2-7178-4C63-A95D-7325F8648808,C:\Windows\SYSVOL\domain,SYSVOL Share,Domain System Volume,18A33DBF-744D-4345-9E99-7AF091B31969,9B243157-12B7-4220-90B0-6D41B5F79E8E,,0
2026-01-13T15:22:30.137041Z,"{'#attributes': {'Qualifiers': 16384}, '#text': 1006}",DC01.garfield.htb,DFSR,DFS Replication,213,4,,,,,,,,,,
2026-01-19T17:55:38.956335Z,"{'#attributes': {'Qualifiers': 16384}, '#text': 1002}",DC01.garfield.htb,DFSR,DFS Replication,214,4,,,,,,,,,,
2026-01-19T17:55:39.003195Z,"{'#attributes': {'Qualifiers': 16384}, '#text': 1004}",DC01.garfield.htb,DFSR,DFS Replication,215,4,,,,,,,,,,
2026-01-19T17:55:39.221944Z,"{'#attributes': {'Qualifiers': 16384}, '#text': 1314}",DC01.garfield.htb,DFSR,DFS Replication,216,4,,C:\Windows\debug,,,,,,,,
2026-01-19T17:55:41.393816Z,"{'#attributes': {'Qualifiers': 16384}, '#text': 6102}",DC01.garfield.htb,DFSR,DFS Replication,217,4,,,,,,,,,,
2026-01-19T17:55:54.456346Z,"{'#attributes': {'Qualifiers': 49152}, '#text': 1202}",DC01.garfield.htb,DFSR,DFS Replication,218,2,,,,60,160,One or more arguments are not correct.,,,,
2026-01-19T18:00:54.811368Z,"{'#attributes': {'Qualifiers': 16384}, '#text': 1206}",DC01.garfield.htb,DFSR,DFS Replication,219,4,,DC01.garfield.htb,,,,,,,,
2026-01-19T18:00:54.889462Z,"{'#attributes': {'Qualifiers': 16384}, '#text': 1210}",DC01.garfield.htb,DFSR,DFS Replication,220,4,,0,,,,,,,,
2026-01-19T18:00:55.123782Z,"{'#attributes': {'Qualifiers': 16384}, '#text': 4602}",DC01.garfield.htb,DFSR,DFS Replication,221,4,,,678A20B2-7178-4C63-A95D-7325F8648808,C:\Windows\SYSVOL\domain,SYSVOL Share,Domain System Volume,18A33DBF-744D-4345-9E99-7AF091B31969,9B243157-12B7-4220-90B0-6D41B5F79E8E,,0
2026-01-27T21:34:42.814279Z,"{'#attributes': {'Qualifiers': 16384}, '#text': 1002}",DC01.garfield.htb,DFSR,DFS Replication,222,4,,,,,,,,,,
2026-01-27T21:34:42.829900Z,"{'#attributes': {'Qualifiers': 16384}, '#text': 1004}",DC01.garfield.htb,DFSR,DFS Replication,223,4,,,,,,,,,,
2026-01-27T21:34:43.017405Z,"{'#attributes': {'Qualifiers': 16384}, '#text': 1314}",DC01.garfield.htb,DFSR,DFS Replication,224,4,,C:\Windows\debug,,,,,,,,
2026-01-27T21:34:44.658044Z,"{'#attributes': {'Qualifiers': 16384}, '#text': 6102}",DC01.garfield.htb,DFSR,DFS Replication,225,4,,,,,,,,,,
2026-01-27T21:34:55.095600Z,"{'#attributes': {'Qualifiers': 49152}, '#text': 1202}",DC01.garfield.htb,DFSR,DFS Replication,226,2,,,,60,160,One or more arguments are not correct.,,,,
2026-01-27T21:39:55.819870Z,"{'#attributes': {'Qualifiers': 16384}, '#text': 1206}",DC01.garfield.htb,DFSR,DFS Replication,227,4,,DC01.garfield.htb,,,,,,,,
2026-01-27T21:39:55.929295Z,"{'#attributes': {'Qualifiers': 16384}, '#text': 1210}",DC01.garfield.htb,DFSR,DFS Replication,228,4,,0,,,,,,,,
2026-01-27T21:39:56.226105Z,"{'#attributes': {'Qualifiers': 16384}, '#text': 4602}",DC01.garfield.htb,DFSR,DFS Replication,229,4,,,678A20B2-7178-4C63-A95D-7325F8648808,C:\Windows\SYSVOL\domain,SYSVOL Share,Domain System Volume,18A33DBF-744D-4345-9E99-7AF091B31969,9B243157-12B7-4220-90B0-6D41B5F79E8E,,0
2026-01-27T21:43:49.169990Z,"{'#attributes': {'Qualifiers': 16384}, '#text': 1006}",DC01.garfield.htb,DFSR,DFS Replication,230,4,,,,,,,,,,
2026-01-27T22:12:32.004882Z,"{'#attributes': {'Qualifiers': 16384}, '#text': 1002}",DC01.garfield.htb,DFSR,DFS Replication,231,4,,,,,,,,,,
2026-01-27T22:12:32.036126Z,"{'#attributes': {'Qualifiers': 16384}, '#text': 1004}",DC01.garfield.htb,DFSR,DFS Replication,232,4,,,,,,,,,,
2026-01-27T22:12:32.254869Z,"{'#attributes': {'Qualifiers': 16384}, '#text': 1314}",DC01.garfield.htb,DFSR,DFS Replication,233,4,,C:\Windows\debug,,,,,,,,
2026-01-27T22:12:34.192371Z,"{'#attributes': {'Qualifiers': 16384}, '#text': 6102}",DC01.garfield.htb,DFSR,DFS Replication,234,4,,,,,,,,,,
2026-01-27T22:12:44.364255Z,"{'#attributes': {'Qualifiers': 49152}, '#text': 1202}",DC01.garfield.htb,DFSR,DFS Replication,235,2,,,,60,160,One or more arguments are not correct.,,,,
2026-01-27T22:17:45.158666Z,"{'#attributes': {'Qualifiers': 16384}, '#text': 1206}",DC01.garfield.htb,DFSR,DFS Replication,236,4,,DC01.garfield.htb,,,,,,,,
2026-01-27T22:17:45.268012Z,"{'#attributes': {'Qualifiers': 16384}, '#text': 1210}",DC01.garfield.htb,DFSR,DFS Replication,237,4,,0,,,,,,,,
2026-01-27T22:17:45.549330Z,"{'#attributes': {'Qualifiers': 16384}, '#text': 4602}",DC01.garfield.htb,DFSR,DFS Replication,238,4,,,678A20B2-7178-4C63-A95D-7325F8648808,C:\Windows\SYSVOL\domain,SYSVOL Share,Domain System Volume,18A33DBF-744D-4345-9E99-7AF091B31969,9B243157-12B7-4220-90B0-6D41B5F79E8E,,0
2026-01-28T00:42:49.957067Z,"{'#attributes': {'Qualifiers': 16384}, '#text': 1006}",DC01.garfield.htb,DFSR,DFS Replication,239,4,,,,,,,,,,
2026-02-14T01:10:57.944121Z,"{'#attributes': {'Qualifiers': 16384}, '#text': 1002}",DC01.garfield.htb,DFSR,DFS Replication,240,4,,,,,,,,,,
2026-02-14T01:10:57.959744Z,"{'#attributes': {'Qualifiers': 16384}, '#text': 1004}",DC01.garfield.htb,DFSR,DFS Replication,241,4,,,,,,,,,,
2026-02-14T01:10:58.178487Z,"{'#attributes': {'Qualifiers': 16384}, '#text': 1314}",DC01.garfield.htb,DFSR,DFS Replication,242,4,,C:\Windows\debug,,,,,,,,
2026-02-14T01:11:00.022241Z,"{'#attributes': {'Qualifiers': 16384}, '#text': 6102}",DC01.garfield.htb,DFSR,DFS Replication,243,4,,,,,,,,,,
2026-02-14T01:11:10.241044Z,"{'#attributes': {'Qualifiers': 49152}, '#text': 1202}",DC01.garfield.htb,DFSR,DFS Replication,244,2,,,,60,160,One or more arguments are not correct.,,,,
2026-02-14T01:16:10.715735Z,"{'#attributes': {'Qualifiers': 16384}, '#text': 1206}",DC01.garfield.htb,DFSR,DFS Replication,245,4,,DC01.garfield.htb,,,,,,,,
2026-02-14T01:16:10.809513Z,"{'#attributes': {'Qualifiers': 16384}, '#text': 1210}",DC01.garfield.htb,DFSR,DFS Replication,246,4,,0,,,,,,,,
2026-02-14T01:16:11.028371Z,"{'#attributes': {'Qualifiers': 16384}, '#text': 4602}",DC01.garfield.htb,DFSR,DFS Replication,247,4,,,678A20B2-7178-4C63-A95D-7325F8648808,C:\Windows\SYSVOL\domain,SYSVOL Share,Domain System Volume,18A33DBF-744D-4345-9E99-7AF091B31969,9B243157-12B7-4220-90B0-6D41B5F79E8E,,0
2026-02-14T01:22:27.315838Z,"{'#attributes': {'Qualifiers': 16384}, '#text': 1006}",DC01.garfield.htb,DFSR,DFS Replication,248,4,,,,,,,,,,
2026-02-14T01:30:17.405444Z,"{'#attributes': {'Qualifiers': 16384}, '#text': 1002}",DC01.garfield.htb,DFSR,DFS Replication,249,4,,,,,,,,,,
2026-02-14T01:30:17.452321Z,"{'#attributes': {'Qualifiers': 16384}, '#text': 1004}",DC01.garfield.htb,DFSR,DFS Replication,250,4,,,,,,,,,,
2026-02-14T01:30:17.639813Z,"{'#attributes': {'Qualifiers': 16384}, '#text': 1314}",DC01.garfield.htb,DFSR,DFS Replication,251,4,,C:\Windows\debug,,,,,,,,
2026-02-14T01:30:20.926991Z,"{'#attributes': {'Qualifiers': 16384}, '#text': 6102}",DC01.garfield.htb,DFSR,DFS Replication,252,4,,,,,,,,,,
2026-02-14T01:30:29.874297Z,"{'#attributes': {'Qualifiers': 49152}, '#text': 1202}",DC01.garfield.htb,DFSR,DFS Replication,253,2,,,,60,160,One or more arguments are not correct.,,,,
2026-02-14T01:33:33.852681Z,"{'#attributes': {'Qualifiers': 16384}, '#text': 1006}",DC01.garfield.htb,DFSR,DFS Replication,254,4,,,,,,,,,,
2026-03-10T08:51:42.480245Z,"{'#attributes': {'Qualifiers': 16384}, '#text': 1002}",DC01.garfield.htb,DFSR,DFS Replication,255,4,,,,,,,,,,
2026-03-10T08:51:42.542739Z,"{'#attributes': {'Qualifiers': 16384}, '#text': 1004}",DC01.garfield.htb,DFSR,DFS Replication,256,4,,,,,,,,,,
2026-03-10T08:51:42.683364Z,"{'#attributes': {'Qualifiers': 16384}, '#text': 1314}",DC01.garfield.htb,DFSR,DFS Replication,257,4,,C:\Windows\debug,,,,,,,,
2026-03-10T08:52:10.667743Z,"{'#attributes': {'Qualifiers': 16384}, '#text': 6102}",DC01.garfield.htb,DFSR,DFS Replication,258,4,,,,,,,,,,
2026-03-10T08:52:11.833438Z,"{'#attributes': {'Qualifiers': 16384}, '#text': 1206}",DC01.garfield.htb,DFSR,DFS Replication,259,4,,DC01.garfield.htb,,,,,,,,
2026-03-10T08:52:12.120881Z,"{'#attributes': {'Qualifiers': 16384}, '#text': 1210}",DC01.garfield.htb,DFSR,DFS Replication,260,4,,0,,,,,,,,
2026-03-10T08:52:12.949000Z,"{'#attributes': {'Qualifiers': 16384}, '#text': 4602}",DC01.garfield.htb,DFSR,DFS Replication,261,4,,,678A20B2-7178-4C63-A95D-7325F8648808,C:\Windows\SYSVOL\domain,SYSVOL Share,Domain System Volume,18A33DBF-744D-4345-9E99-7AF091B31969,9B243157-12B7-4220-90B0-6D41B5F79E8E,,0
2026-03-10T08:53:46.517068Z,"{'#attributes': {'Qualifiers': 16384}, '#text': 1006}",DC01.garfield.htb,DFSR,DFS Replication,262,4,,,,,,,,,,
2026-03-10T19:32:16.269872Z,"{'#attributes': {'Qualifiers': 16384}, '#text': 1002}",DC01.garfield.htb,DFSR,DFS Replication,263,4,,,,,,,,,,
2026-03-10T19:32:16.379246Z,"{'#attributes': {'Qualifiers': 16384}, '#text': 1004}",DC01.garfield.htb,DFSR,DFS Replication,264,4,,,,,,,,,,
2026-03-10T19:32:16.488617Z,"{'#attributes': {'Qualifiers': 16384}, '#text': 1314}",DC01.garfield.htb,DFSR,DFS Replication,265,4,,C:\Windows\debug,,,,,,,,
2026-03-10T19:32:20.160501Z,"{'#attributes': {'Qualifiers': 16384}, '#text': 6102}",DC01.garfield.htb,DFSR,DFS Replication,266,4,,,,,,,,,,
2026-03-10T19:32:28.957375Z,"{'#attributes': {'Qualifiers': 49152}, '#text': 1202}",DC01.garfield.htb,DFSR,DFS Replication,267,2,,,,60,160,One or more arguments are not correct.,,,,
2026-03-10T19:37:29.328180Z,"{'#attributes': {'Qualifiers': 16384}, '#text': 1206}",DC01.garfield.htb,DFSR,DFS Replication,268,4,,DC01.garfield.htb,,,,,,,,
2026-03-10T19:37:29.484429Z,"{'#attributes': {'Qualifiers': 16384}, '#text': 1210}",DC01.garfield.htb,DFSR,DFS Replication,269,4,,0,,,,,,,,
2026-03-10T19:37:30.015736Z,"{'#attributes': {'Qualifiers': 16384}, '#text': 4602}",DC01.garfield.htb,DFSR,DFS Replication,270,4,,,678A20B2-7178-4C63-A95D-7325F8648808,C:\Windows\SYSVOL\domain,SYSVOL Share,Domain System Volume,18A33DBF-744D-4345-9E99-7AF091B31969,9B243157-12B7-4220-90B0-6D41B5F79E8E,,0
2026-03-10T20:01:40.827771Z,"{'#attributes': {'Qualifiers': 16384}, '#text': 1006}",DC01.garfield.htb,DFSR,DFS Replication,271,4,,,,,,,,,,
2026-03-14T07:11:34.145415Z,"{'#attributes': {'Qualifiers': 16384}, '#text': 1002}",DC01.garfield.htb,DFSR,DFS Replication,272,4,,,,,,,,,,
2026-03-14T07:11:34.195415Z,"{'#attributes': {'Qualifiers': 16384}, '#text': 1004}",DC01.garfield.htb,DFSR,DFS Replication,273,4,,,,,,,,,,
2026-03-14T07:11:34.718907Z,"{'#attributes': {'Qualifiers': 16384}, '#text': 1314}",DC01.garfield.htb,DFSR,DFS Replication,274,4,,C:\Windows\debug,,,,,,,,
2026-03-14T07:12:23.149417Z,"{'#attributes': {'Qualifiers': 16384}, '#text': 6102}",DC01.garfield.htb,DFSR,DFS Replication,275,4,,,,,,,,,,
2026-03-14T07:12:24.593416Z,"{'#attributes': {'Qualifiers': 16384}, '#text': 1206}",DC01.garfield.htb,DFSR,DFS Replication,276,4,,DC01.garfield.htb,,,,,,,,
2026-03-14T07:12:25.085917Z,"{'#attributes': {'Qualifiers': 16384}, '#text': 1210}",DC01.garfield.htb,DFSR,DFS Replication,277,4,,0,,,,,,,,
2026-03-14T07:12:26.123920Z,"{'#attributes': {'Qualifiers': 16384}, '#text': 4602}",DC01.garfield.htb,DFSR,DFS Replication,278,4,,,678A20B2-7178-4C63-A95D-7325F8648808,C:\Windows\SYSVOL\domain,SYSVOL Share,Domain System Volume,18A33DBF-744D-4345-9E99-7AF091B31969,9B243157-12B7-4220-90B0-6D41B5F79E8E,,0
2026-03-14T07:12:42.338873Z,"{'#attributes': {'Qualifiers': 16384}, '#text': 1006}",DC01.garfield.htb,DFSR,DFS Replication,279,4,,,,,,,,,,
2026-03-14T07:13:30.353702Z,"{'#attributes': {'Qualifiers': 16384}, '#text': 1002}",DC01.garfield.htb,DFSR,DFS Replication,280,4,,,,,,,,,,
2026-03-14T07:13:30.463072Z,"{'#attributes': {'Qualifiers': 16384}, '#text': 1004}",DC01.garfield.htb,DFSR,DFS Replication,281,4,,,,,,,,,,
2026-03-14T07:13:30.838073Z,"{'#attributes': {'Qualifiers': 16384}, '#text': 1314}",DC01.garfield.htb,DFSR,DFS Replication,282,4,,C:\Windows\debug,,,,,,,,
2026-03-14T07:13:33.638404Z,"{'#attributes': {'Qualifiers': 16384}, '#text': 6102}",DC01.garfield.htb,DFSR,DFS Replication,283,4,,,,,,,,,,
2026-03-14T07:13:42.025578Z,"{'#attributes': {'Qualifiers': 16384}, '#text': 1206}",DC01.garfield.htb,DFSR,DFS Replication,284,4,,DC01.garfield.htb,,,,,,,,
2026-03-14T07:13:42.291246Z,"{'#attributes': {'Qualifiers': 16384}, '#text': 1210}",DC01.garfield.htb,DFSR,DFS Replication,285,4,,0,,,,,,,,
2026-03-14T07:15:19.055859Z,"{'#attributes': {'Qualifiers': 16384}, '#text': 1006}",DC01.garfield.htb,DFSR,DFS Replication,286,4,,,,,,,,,,
2026-04-01T18:16:32.208152Z,"{'#attributes': {'Qualifiers': 16384}, '#text': 1002}",DC01.garfield.htb,DFSR,DFS Replication,287,4,,,,,,,,,,
2026-04-01T18:16:32.223779Z,"{'#attributes': {'Qualifiers': 16384}, '#text': 1004}",DC01.garfield.htb,DFSR,DFS Replication,288,4,,,,,,,,,,
2026-04-01T18:16:32.411280Z,"{'#attributes': {'Qualifiers': 16384}, '#text': 1314}",DC01.garfield.htb,DFSR,DFS Replication,289,4,,C:\Windows\debug,,,,,,,,
2026-04-01T18:16:35.036276Z,"{'#attributes': {'Qualifiers': 16384}, '#text': 6102}",DC01.garfield.htb,DFSR,DFS Replication,290,4,,,,,,,,,,
2026-04-01T18:16:44.149818Z,"{'#attributes': {'Qualifiers': 16384}, '#text': 1206}",DC01.garfield.htb,DFSR,DFS Replication,291,4,,DC01.garfield.htb,,,,,,,,
2026-04-01T18:16:44.442542Z,"{'#attributes': {'Qualifiers': 16384}, '#text': 1210}",DC01.garfield.htb,DFSR,DFS Replication,292,4,,0,,,,,,,,
2026-04-01T18:16:44.755031Z,"{'#attributes': {'Qualifiers': 16384}, '#text': 4602}",DC01.garfield.htb,DFSR,DFS Replication,293,4,,,678A20B2-7178-4C63-A95D-7325F8648808,C:\Windows\SYSVOL\domain,SYSVOL Share,Domain System Volume,18A33DBF-744D-4345-9E99-7AF091B31969,9B243157-12B7-4220-90B0-6D41B5F79E8E,,0
2026-04-01T18:28:16.394224Z,"{'#attributes': {'Qualifiers': 16384}, '#text': 1002}",DC01.garfield.htb,DFSR,DFS Replication,294,4,,,,,,,,,,
2026-04-01T18:28:16.472349Z,"{'#attributes': {'Qualifiers': 16384}, '#text': 1004}",DC01.garfield.htb,DFSR,DFS Replication,295,4,,,,,,,,,,
2026-04-01T18:28:16.675472Z,"{'#attributes': {'Qualifiers': 16384}, '#text': 1314}",DC01.garfield.htb,DFSR,DFS Replication,296,4,,C:\Windows\debug,,,,,,,,
2026-04-01T18:28:18.894223Z,"{'#attributes': {'Qualifiers': 16384}, '#text': 6102}",DC01.garfield.htb,DFSR,DFS Replication,297,4,,,,,,,,,,
2026-04-01T18:28:19.987977Z,"{'#attributes': {'Qualifiers': 49152}, '#text': 1202}",DC01.garfield.htb,DFSR,DFS Replication,298,2,,,,60,160,One or more arguments are not correct.,,,,
2026-04-01T18:33:21.027856Z,"{'#attributes': {'Qualifiers': 16384}, '#text': 1206}",DC01.garfield.htb,DFSR,DFS Replication,299,4,,DC01.garfield.htb,,,,,,,,
2026-04-01T18:33:21.445952Z,"{'#attributes': {'Qualifiers': 16384}, '#text': 1210}",DC01.garfield.htb,DFSR,DFS Replication,300,4,,0,,,,,,,,
2026-04-01T22:19:59.000923Z,"{'#attributes': {'Qualifiers': 16384}, '#text': 1002}",DC01.garfield.htb,DFSR,DFS Replication,301,4,,,,,,,,,,
2026-04-01T22:19:59.094675Z,"{'#attributes': {'Qualifiers': 16384}, '#text': 1004}",DC01.garfield.htb,DFSR,DFS Replication,302,4,,,,,,,,,,
2026-04-01T22:19:59.360289Z,"{'#attributes': {'Qualifiers': 16384}, '#text': 1314}",DC01.garfield.htb,DFSR,DFS Replication,303,4,,C:\Windows\debug,,,,,,,,
2026-04-01T22:20:01.719660Z,"{'#attributes': {'Qualifiers': 16384}, '#text': 6102}",DC01.garfield.htb,DFSR,DFS Replication,304,4,,,,,,,,,,
2026-04-01T22:20:02.766547Z,"{'#attributes': {'Qualifiers': 49152}, '#text': 1202}",DC01.garfield.htb,DFSR,DFS Replication,305,2,,,,60,160,One or more arguments are not correct.,,,,
2026-04-01T22:25:03.610487Z,"{'#attributes': {'Qualifiers': 16384}, '#text': 1206}",DC01.garfield.htb,DFSR,DFS Replication,306,4,,DC01.garfield.htb,,,,,,,,
2026-04-01T22:25:03.751183Z,"{'#attributes': {'Qualifiers': 16384}, '#text': 1210}",DC01.garfield.htb,DFSR,DFS Replication,307,4,,0,,,,,,,,
2026-04-01T22:56:23.457160Z,"{'#attributes': {'Qualifiers': 16384}, '#text': 1006}",DC01.garfield.htb,DFSR,DFS Replication,308,4,,,,,,,,,,
2026-04-01T22:58:18.016231Z,"{'#attributes': {'Qualifiers': 16384}, '#text': 1002}",DC01.garfield.htb,DFSR,DFS Replication,309,4,,,,,,,,,,
2026-04-01T22:58:18.047483Z,"{'#attributes': {'Qualifiers': 16384}, '#text': 1004}",DC01.garfield.htb,DFSR,DFS Replication,310,4,,,,,,,,,,
2026-04-01T22:58:18.422477Z,"{'#attributes': {'Qualifiers': 16384}, '#text': 1314}",DC01.garfield.htb,DFSR,DFS Replication,311,4,,C:\Windows\debug,,,,,,,,
2026-04-01T22:58:20.922486Z,"{'#attributes': {'Qualifiers': 16384}, '#text': 6102}",DC01.garfield.htb,DFSR,DFS Replication,312,4,,,,,,,,,,
2026-04-01T22:58:21.953731Z,"{'#attributes': {'Qualifiers': 49152}, '#text': 1202}",DC01.garfield.htb,DFSR,DFS Replication,313,2,,,,60,160,One or more arguments are not correct.,,,,
2026-04-01T23:03:22.495534Z,"{'#attributes': {'Qualifiers': 16384}, '#text': 1206}",DC01.garfield.htb,DFSR,DFS Replication,314,4,,DC01.garfield.htb,,,,,,,,
2026-04-01T23:03:22.604910Z,"{'#attributes': {'Qualifiers': 16384}, '#text': 1210}",DC01.garfield.htb,DFSR,DFS Replication,315,4,,0,,,,,,,,
2026-04-01T23:09:06.735992Z,"{'#attributes': {'Qualifiers': 16384}, '#text': 1006}",DC01.garfield.htb,DFSR,DFS Replication,316,4,,,,,,,,,,
2026-04-01T23:24:45.043299Z,"{'#attributes': {'Qualifiers': 16384}, '#text': 1002}",DC01.garfield.htb,DFSR,DFS Replication,317,4,,,,,,,,,,
2026-04-01T23:24:45.108301Z,"{'#attributes': {'Qualifiers': 16384}, '#text': 1004}",DC01.garfield.htb,DFSR,DFS Replication,318,4,,,,,,,,,,
2026-04-01T23:24:45.754798Z,"{'#attributes': {'Qualifiers': 16384}, '#text': 1314}",DC01.garfield.htb,DFSR,DFS Replication,319,4,,C:\Windows\debug,,,,,,,,
2026-04-01T23:24:52.459300Z,"{'#attributes': {'Qualifiers': 16384}, '#text': 6102}",DC01.garfield.htb,DFSR,DFS Replication,320,4,,,,,,,,,,
2026-04-01T23:24:53.652748Z,"{'#attributes': {'Qualifiers': 16384}, '#text': 1206}",DC01.garfield.htb,DFSR,DFS Replication,321,4,,DC01.garfield.htb,,,,,,,,
2026-04-01T23:24:54.339254Z,"{'#attributes': {'Qualifiers': 16384}, '#text': 1210}",DC01.garfield.htb,DFSR,DFS Replication,322,4,,0,,,,,,,,
2026-04-01T23:24:55.105255Z,"{'#attributes': {'Qualifiers': 16384}, '#text': 4602}",DC01.garfield.htb,DFSR,DFS Replication,323,4,,,678A20B2-7178-4C63-A95D-7325F8648808,C:\Windows\SYSVOL\domain,SYSVOL Share,Domain System Volume,18A33DBF-744D-4345-9E99-7AF091B31969,9B243157-12B7-4220-90B0-6D41B5F79E8E,,0
2026-04-01T23:36:29.169252Z,"{'#attributes': {'Qualifiers': 16384}, '#text': 1006}",DC01.garfield.htb,DFSR,DFS Replication,324,4,,,,,,,,,,
2026-04-02T00:11:29.706744Z,"{'#attributes': {'Qualifiers': 16384}, '#text': 1002}",DC01.garfield.htb,DFSR,DFS Replication,325,4,,,,,,,,,,
2026-04-02T00:11:29.753621Z,"{'#attributes': {'Qualifiers': 16384}, '#text': 1004}",DC01.garfield.htb,DFSR,DFS Replication,326,4,,,,,,,,,,
2026-04-02T00:11:29.987990Z,"{'#attributes': {'Qualifiers': 16384}, '#text': 1314}",DC01.garfield.htb,DFSR,DFS Replication,327,4,,C:\Windows\debug,,,,,,,,
2026-04-02T00:11:31.972358Z,"{'#attributes': {'Qualifiers': 16384}, '#text': 6102}",DC01.garfield.htb,DFSR,DFS Replication,328,4,,,,,,,,,,
2026-04-02T00:11:48.019267Z,"{'#attributes': {'Qualifiers': 16384}, '#text': 1206}",DC01.garfield.htb,DFSR,DFS Replication,329,4,,DC01.garfield.htb,,,,,,,,
2026-04-02T00:11:48.169653Z,"{'#attributes': {'Qualifiers': 16384}, '#text': 1210}",DC01.garfield.htb,DFSR,DFS Replication,330,4,,0,,,,,,,,
2026-04-02T00:11:48.550492Z,"{'#attributes': {'Qualifiers': 16384}, '#text': 4602}",DC01.garfield.htb,DFSR,DFS Replication,331,4,,,678A20B2-7178-4C63-A95D-7325F8648808,C:\Windows\SYSVOL\domain,SYSVOL Share,Domain System Volume,18A33DBF-744D-4345-9E99-7AF091B31969,9B243157-12B7-4220-90B0-6D41B5F79E8E,,0
2026-04-02T00:13:14.033910Z,"{'#attributes': {'Qualifiers': 16384}, '#text': 1006}",DC01.garfield.htb,DFSR,DFS Replication,332,4,,,,,,,,,,
2026-04-07T00:23:36.515888Z,"{'#attributes': {'Qualifiers': 16384}, '#text': 1002}",DC01.garfield.htb,DFSR,DFS Replication,333,4,,,,,,,,,,
2026-04-07T00:23:36.547145Z,"{'#attributes': {'Qualifiers': 16384}, '#text': 1004}",DC01.garfield.htb,DFSR,DFS Replication,334,4,,,,,,,,,,
2026-04-07T00:23:36.781510Z,"{'#attributes': {'Qualifiers': 16384}, '#text': 1314}",DC01.garfield.htb,DFSR,DFS Replication,335,4,,C:\Windows\debug,,,,,,,,
2026-04-07T00:23:38.844016Z,"{'#attributes': {'Qualifiers': 16384}, '#text': 6102}",DC01.garfield.htb,DFSR,DFS Replication,336,4,,,,,,,,,,
2026-04-07T00:23:47.281521Z,"{'#attributes': {'Qualifiers': 49152}, '#text': 1202}",DC01.garfield.htb,DFSR,DFS Replication,337,2,,,,60,160,One or more arguments are not correct.,,,,
2026-04-07T00:28:47.939556Z,"{'#attributes': {'Qualifiers': 16384}, '#text': 1206}",DC01.garfield.htb,DFSR,DFS Replication,338,4,,DC01.garfield.htb,,,,,,,,
2026-04-07T00:28:48.002892Z,"{'#attributes': {'Qualifiers': 16384}, '#text': 1210}",DC01.garfield.htb,DFSR,DFS Replication,339,4,,0,,,,,,,,
2026-04-07T00:28:48.130024Z,"{'#attributes': {'Qualifiers': 16384}, '#text': 4602}",DC01.garfield.htb,DFSR,DFS Replication,340,4,,,678A20B2-7178-4C63-A95D-7325F8648808,C:\Windows\SYSVOL\domain,SYSVOL Share,Domain System Volume,18A33DBF-744D-4345-9E99-7AF091B31969,9B243157-12B7-4220-90B0-6D41B5F79E8E,,0
