"Path","SHA256","SizeBytes","CollectedUtc"
"C:\Evidence\Scaffold-IR-001\EventLogs\Security.evtx","3BAFA8E28E9F060A5F984F0B8365048B07DCA68D9E76D53201E8861697EFC127","39915520","2026-09-20T14:21:58.0324711Z"
"C:\Evidence\Scaffold-IR-001\EventLogs\Security.csv","AFB5B1BD515A7BF174F7BBC0ECEB828A9B5FF32FFC4E7712AFD4A350418FA473","29741030","2026-09-20T14:30:19.5949732Z"
"C:\Evidence\Scaffold-IR-001\EventLogs\System.evtx","4769521F87EC065998F8A1F6CAC663B19676DEF993C0C7100DEF07271B92C4C4","3215360","2026-09-20T14:30:19.7824686Z"
"C:\Evidence\Scaffold-IR-001\EventLogs\System.csv","B319C859834AB8C35B838956502C114A2A4E806228BE1E3C53A501840937C1DB","1195067","2026-09-20T14:30:25.8918559Z"
"C:\Evidence\Scaffold-IR-001\EventLogs\Application.evtx","83535D47D03A05601347203DEB579D04D96D3529F02CF9AABEDE98BDE27ADCCB","3215360","2026-09-20T14:30:26.0337327Z"
"C:\Evidence\Scaffold-IR-001\EventLogs\Application.csv","6619A1ED78E83040F589DDDFBDF8C2E2AAFE93DB2E48C970BC02990F7DAA5CC9","1319613","2026-09-20T14:30:34.7981248Z"
"C:\Evidence\Scaffold-IR-001\EventLogs\Directory Service.evtx","268ADBE6D8A76DC16BA6D479A6FF43B4B392A2651CFB381AB0C4F9726D3FECC7","1118208","2026-09-20T14:30:34.9074705Z"
"C:\Evidence\Scaffold-IR-001\EventLogs\Directory Service.csv","C71618BFA69AA4D9F020E67082E4E18EB28EF19A94447022B1D389E1EF870377","562440","2026-09-20T14:30:41.9387203Z"
"C:\Evidence\Scaffold-IR-001\EventLogs\DNS Server.evtx","F43EA56537A8CAED2A089FEA45B7F32FA06415BE1654C3CA45160FB195C86B43","1118208","2026-09-20T14:30:42.0793416Z"
"C:\Evidence\Scaffold-IR-001\EventLogs\DNS Server.csv","A3A95B6FC45E430F1873C97854FFDC7DB4DDCCD844925B7ADE8E35F844353EA5","131800","2026-09-20T14:30:42.2512268Z"
"C:\Evidence\Scaffold-IR-001\EventLogs\Microsoft-Windows-Sysmon_Operational.evtx","67898E8BB8DBE9D126B83B53A7D18D610BD27030A3A83B1703D83C464644B437","64032768","2026-09-20T14:30:46.1105993Z"
"C:\Evidence\Scaffold-IR-001\EventLogs\Microsoft-Windows-WMI-Activity_Operational.evtx","6F374F1F4A0DE8239DBFBF740CD17ED9401911CA2BD69EFC4EA14C20613C79EF","1118208","2026-09-20T14:35:53.2512736Z"
"C:\Evidence\Scaffold-IR-001\EventLogs\Microsoft-Windows-WMI-Activity_Operational.csv","94DA2C1235E05C440EF8CBE0306F72DD1C97EBD65368FF8C246C0EF314E7C71D","444635","2026-09-20T14:35:54.1105924Z"
"C:\Evidence\Scaffold-IR-001\EventLogs\Microsoft-Windows-TaskScheduler_Operational.evtx","E1B9281484DE279ED507163619871D27BBFC550AA28F62256F43EDC7949109F9","9506816","2026-09-20T14:35:54.4074698Z"
"C:\Evidence\Scaffold-IR-001\EventLogs\Microsoft-Windows-TaskScheduler_Operational.csv","3804FDEAE7D95561DF2C3178A78E978ABE7CD48E74280F3F0541EA6E4F19D79A","4004071","2026-09-20T14:42:38.9388643Z"
"C:\Evidence\Scaffold-IR-001\EventLogs\Microsoft-Windows-CertificateServicesClient-Lifecycle-System_Operational.evtx","D80737C527925F4ADE2F4D9B7A9C4905B3CBA010111A6B8A5F72E5556FB444FF","69632","2026-09-20T14:42:39.1418412Z"
"C:\Evidence\Scaffold-IR-001\EventLogs\Microsoft-Windows-CertificateServicesClient-Lifecycle-System_Operational.csv","62D78A9E616387AB95C03A5A8A97378D336B69A46BA55A024EF3F479769E929A","486","2026-09-20T14:42:39.1787600Z"
"C:\Evidence\Scaffold-IR-001\EventLogs\Microsoft-Windows-CAPI2_Operational.evtx","762D66B6A6F591A99B0AD6BED62DEB1A4227D91793F18CC325B1C0DC4E0B5654","69632","2026-09-20T14:42:39.2043434Z"
"C:\Evidence\Scaffold-IR-001\EventLogs\Microsoft-Windows-SMBServer_Security.evtx","9D9BAD87C82A08FDE6E9E98AE3DDD32587393A4DE676A70435CC4810E23472F7","69632","2026-09-20T14:42:39.3449689Z"
"C:\Evidence\Scaffold-IR-001\EventLogs\Microsoft-Windows-SMBServer_Security.csv","84E1F67C47E6DAC33EA8314287056C23C2442C4C9A0A7BFA0723B7D3C1C6782D","128203","2026-09-20T14:42:39.5330199Z"
"C:\Evidence\Scaffold-IR-001\EventLogs\Microsoft-Windows-Kerberos_Operational.evtx","97F469471C7912BB5ACE3C8EEB7917C5401DC456A58117F902226FD25D484A01","69632","2026-09-20T14:42:39.6418473Z"
"C:\Evidence\Scaffold-IR-001\EventLogs\Priority_ObjectAccess.csv","C024D5C492408F51F7FCA078E9B464FB331A5BFC9C26C4C7E8D2C3A9B3215A0B","23515833","2026-09-20T14:49:45.1574902Z"
"C:\Evidence\Scaffold-IR-001\SystemState\Processes.csv","9DC9091F56EC25A557F21BB2C799FCC4BBB0364CE462D1CDB3D973E753DEB37F","13512","2026-09-20T14:49:46.5793457Z"
"C:\Evidence\Scaffold-IR-001\SystemState\Services.csv","E4ADEBEBE045FE27D3D0D144803ABD00C27A49F778E82C241695C85AD2224DF2","30086","2026-09-20T14:49:47.2824823Z"
"C:\Evidence\Scaffold-IR-001\SystemState\ScheduledTasks.csv","E052622F2478B1F7267F79D0A965218FCCB4DF86B5F5C2BF1BF5C9B84E0DC67D","19585","2026-09-20T14:49:51.7355929Z"
"C:\Evidence\Scaffold-IR-001\SystemState\NetTCPConnections.csv","AFCE21272A6D307908155467E26F789BB871D9D07BC117E98F7DB1B98C7839C3","5564","2026-09-20T14:49:52.8137188Z"
"C:\Evidence\Scaffold-IR-001\SystemState\DnsClientCache.csv","F1945CD6C19E56B3C1C78943EF5EC18116907A4CA1EFC40A57D48AB1DB7ADFC5","3","2026-09-20T14:49:53.3605915Z"
"C:\Evidence\Scaffold-IR-001\SystemState\LocalUsers.csv","1BF9C6CE03C0B01D04789AC01C7AAD2F9374C9B074BD2FFDA0BF3FDD8DB45099","914","2026-09-20T14:49:53.5793463Z"
"C:\Evidence\Scaffold-IR-001\SystemState\LocalGroupMembers_Administrators.csv","F1945CD6C19E56B3C1C78943EF5EC18116907A4CA1EFC40A57D48AB1DB7ADFC5","3","2026-09-20T14:49:53.7980996Z"
"C:\Evidence\Scaffold-IR-001\SystemState\InstalledSoftware.csv","9CB7CC3B148938002891E6D54EFC6608E0C5A582A1390EB4632A9F28754CFCBF","9153","2026-09-20T14:49:57.4855941Z"
"C:\Evidence\Scaffold-IR-001\SystemState\AutorunsRegistry.csv","F17B732DA02AE500FFB6208E014B63B8847E7EE5D4BB8816EB320DCF4A0C50CF","287","2026-09-20T14:49:57.5637576Z"
"C:\Evidence\Scaffold-IR-001\Network\netstat_ano.txt","BF4BDAC9F11710455DD7540051F6E78AE95F112E838676964621E7B8DB4AEBE8","404729","2026-09-20T14:49:58.2824642Z"
"C:\Evidence\Scaffold-IR-001\AD_Objects\AD_Users.csv","7178C435BEAEC1B3E0EBC86839B5357ED7AF8E30A75EAF372819F35CF81AAD30","1711","2026-09-20T14:50:00.5169101Z"
"C:\Evidence\Scaffold-IR-001\AD_Objects\AD_Groups.csv","E2CE37CA854C755DA88299827B15F65A3302EB23C6B0B2847FDB6A5FE81A1D59","6514","2026-09-20T14:50:00.7512155Z"
"C:\Evidence\Scaffold-IR-001\AD_Objects\AD_Computers.csv","A77DBED51C442C3A2F37E4F642E3A8A0B514B49BB04EBC6AD6059AB6F9AB20A1","355","2026-09-20T14:50:00.7668490Z"
"C:\Evidence\Scaffold-IR-001\AD_Objects\AD_RecentlyCreatedObjects_14d.csv","AFFDE5FCC3A80ED8C8454B5B543B8CC96FAAD2CBF1C1E1051DF637FD613ECBF4","275","2026-09-20T14:50:00.8451322Z"
"C:\Evidence\Scaffold-IR-001\ADCS\CA_IssuedCertificates.csv","9A80DEDFEFD198A343FC4A13F4BC07CC66887D161705B5FE4FA3B7EE043ACFC1","3364","2026-09-20T14:50:01.1887195Z"
"C:\Evidence\Scaffold-IR-001\ADCS\CA_Config.txt","CB65868926A60B1685C20D038A00E1560A42D3130FED330E960CF85B94398CBE","8964","2026-09-20T14:50:01.4543461Z"
"C:\Evidence\Scaffold-IR-001\IIS_Logs\LogFiles\W3SVC1\u_ex260524.log","0EC858ECF04ED832F3D66FF171AD9113A65275765B755154F17CE0502C72EE89","1127","2026-09-20T14:50:01.6887204Z"
"C:\Evidence\Scaffold-IR-001\IIS_Logs\LogFiles\W3SVC1\u_ex260920.log","0ECEA0614E76A55B07F7EDAD2BB12266E1CB4443AF5A0442252E8F18C9EBB6A3","6504","2026-09-20T14:50:01.6887204Z"
"C:\Evidence\Scaffold-IR-001\IIS_Logs\LogFiles\W3SVC2\u_ex260524.log","A79F6A54D92767560FFE0B3267D548DF7AFCAE7C6A14C555A8634C51F4E4622B","30257","2026-09-20T14:50:01.6887204Z"
"C:\Evidence\Scaffold-IR-001\IIS_Logs\LogFiles\W3SVC2\u_ex260525.log","BADB5C3B2DAD56D45FCF4031695D40298AAD55932C130A7B206FB5FE8E205753","19665","2026-09-20T14:50:01.6887204Z"
"C:\Evidence\Scaffold-IR-001\IIS_Logs\LogFiles\W3SVC2\u_ex260526.log","6ED16F7326AF883B3C18CE52DA0404BFA35E4D1A0D9746B1DA348C5490470E11","9358","2026-09-20T14:50:01.6887204Z"
"C:\Evidence\Scaffold-IR-001\IIS_Logs\LogFiles\W3SVC2\u_ex260601.log","D62481751A97FD1DFE0E96C75693A3166366537B3F96EFEC73BC4F3756985D47","719","2026-09-20T14:50:01.6887204Z"
"C:\Evidence\Scaffold-IR-001\IIS_Logs\LogFiles\W3SVC2\u_ex260920.log","5CD5A8C7F4D79AFA7C5750265655E4AAE563E2B90015F5F0186A2DA58DB79FC3","23793","2026-09-20T14:50:01.7043441Z"
"C:\Evidence\Scaffold-IR-001\MDT_Deployment\CustomSettings.ini","2F86F34E194FF8B01117AA42815F2445A4A3D51A55A4B61E3BCDC12F689FE522","699","2026-09-20T14:50:01.7824781Z"
"C:\Evidence\Scaffold-IR-001\MDT_Deployment\Bootstrap.ini","20451982D768E1EE5450331AFA91F28DB0AEB22E16FFA38D9BE8DB589768F33C","171","2026-09-20T14:50:01.7824781Z"
