"TaskName","Path","State","Actions","Args","LastRun","NextRun"
"CreateExplorerShellUnelevatedTask","\","Ready","C:\Windows\Explorer.EXE","/NoUACCheck","9/7/2026 9:35:35 PM",
"MicrosoftEdgeUpdateTaskMachineCore","\","Disabled","C:\Program Files (x86)\Microsoft\EdgeUpdate\MicrosoftEdgeUpdate.exe","/c","9/1/2026 10:43:43 PM","9/20/2026 11:18:18 PM"
"MicrosoftEdgeUpdateTaskMachineUA","\","Disabled","C:\Program Files (x86)\Microsoft\EdgeUpdate\MicrosoftEdgeUpdate.exe","/ua /installsource scheduler","9/1/2026 8:48:48 PM","9/20/2026 8:48:48 AM"
"Server Initial Configuration Task","\Microsoft\Windows\","Disabled","%windir%\system32\srvinitconfig.exe","/disableconfigtask","5/13/2026 7:32:32 AM",
".NET Framework NGEN v4.0.30319","\Microsoft\Windows\.NET Framework\","Disabled","","","9/1/2026 10:54:54 PM",
".NET Framework NGEN v4.0.30319 64","\Microsoft\Windows\.NET Framework\","Disabled","","","9/1/2026 10:54:54 PM",
".NET Framework NGEN v4.0.30319 64 Critical","\Microsoft\Windows\.NET Framework\","Disabled","","","11/30/1999 12:00:00 AM",
".NET Framework NGEN v4.0.30319 Critical","\Microsoft\Windows\.NET Framework\","Disabled","","","11/30/1999 12:00:00 AM",
"AD RMS Rights Policy Template Management (Automated)","\Microsoft\Windows\Active Directory Rights Management Services Client\","Disabled","","","11/30/1999 12:00:00 AM","9/21/2026 3:06:06 AM"
"AD RMS Rights Policy Template Management (Manual)","\Microsoft\Windows\Active Directory Rights Management Services Client\","Ready","","","11/30/1999 12:00:00 AM",
"EDP Policy Manager","\Microsoft\Windows\AppID\","Ready","","","11/30/1999 12:00:00 AM",
"PolicyConverter","\Microsoft\Windows\AppID\","Disabled","%windir%\system32\appidpolicyconverter.exe","","11/30/1999 12:00:00 AM",
"VerifiedPublisherCertStoreCheck","\Microsoft\Windows\AppID\","Disabled","%windir%\system32\appidcertstorecheck.exe","","11/30/1999 12:00:00 AM",
"Microsoft Compatibility Appraiser","\Microsoft\Windows\Application Experience\","Ready","%windir%\system32\compattelrunner.exe","","9/20/2026 4:28:28 AM","9/21/2026 3:34:34 AM"
"PcaPatchDbTask","\Microsoft\Windows\Application Experience\","Ready","%windir%\system32\rundll32.exe","%windir%\system32\PcaSvc.dll,PcaPatchSdbTask","9/20/2026 4:28:28 AM","9/20/2026 4:54:54 PM"
"ProgramDataUpdater","\Microsoft\Windows\Application Experience\","Ready","%windir%\system32\compattelrunner.exe","-maintenance","9/20/2026 4:29:29 AM",
"StartupAppTask","\Microsoft\Windows\Application Experience\","Ready","%windir%\system32\rundll32.exe","Startupscan.dll,SusRunTask","9/7/2026 7:27:27 PM",
"appuriverifierdaily","\Microsoft\Windows\ApplicationData\","Ready","%windir%\system32\AppHostRegistrationVerifier.exe","","6/2/2026 7:19:19 AM",
"appuriverifierinstall","\Microsoft\Windows\ApplicationData\","Ready","%windir%\system32\AppHostRegistrationVerifier.exe","","11/30/1999 12:00:00 AM",
"CleanupTemporaryState","\Microsoft\Windows\ApplicationData\","Ready","%windir%\system32\rundll32.exe","Windows.Storage.ApplicationData.dll,CleanupTemporaryState","9/20/2026 4:29:29 AM",
"DsSvcCleanup","\Microsoft\Windows\ApplicationData\","Ready","%windir%\system32\dstokenclean.exe","","9/20/2026 4:29:29 AM",
"Pre-staged app cleanup","\Microsoft\Windows\AppxDeploymentClient\","Disabled","%windir%\system32\rundll32.exe","%windir%\system32\AppxDeploymentClient.dll,AppxPreStageCleanupRunTask","5/13/2026 8:53:53 AM",
"Proxy","\Microsoft\Windows\Autochk\","Ready","%windir%\system32\rundll32.exe","/d acproxy.dll,PerformAutochkOperations","9/20/2026 4:59:59 AM",
"BitLocker Encrypt All Drives","\Microsoft\Windows\BitLocker\","Ready","","","11/30/1999 12:00:00 AM",
"BitLocker MDM policy Refresh","\Microsoft\Windows\BitLocker\","Ready","","","11/30/1999 12:00:00 AM",
"UninstallDeviceTask","\Microsoft\Windows\Bluetooth\","Disabled","BthUdTask.exe","$(Arg0)","11/30/1999 12:00:00 AM",
"BgTaskRegistrationMaintenanceTask","\Microsoft\Windows\BrokerInfrastructure\","Ready","","","9/20/2026 4:29:29 AM",
"AikCertEnrollTask","\Microsoft\Windows\CertificateServicesClient\","Ready","","","11/30/1999 12:00:00 AM",
"CryptoPolicyTask","\Microsoft\Windows\CertificateServicesClient\","Ready","","","11/30/1999 12:00:00 AM",
"KeyPreGenTask","\Microsoft\Windows\CertificateServicesClient\","Ready","","","5/13/2026 2:00:00 PM",
"SystemTask","\Microsoft\Windows\CertificateServicesClient\","Ready","","","9/20/2026 4:19:19 AM",
"UserTask","\Microsoft\Windows\CertificateServicesClient\","Ready","","","9/7/2026 9:35:35 PM",
"UserTask-Roam","\Microsoft\Windows\CertificateServicesClient\","Ready","","","5/14/2026 3:01:01 PM",
"ProactiveScan","\Microsoft\Windows\Chkdsk\","Ready","","","9/20/2026 4:29:29 AM",
"SyspartRepair","\Microsoft\Windows\Chkdsk\","Ready","%windir%\system32\bcdboot.exe","%windir% /sysrepair","11/30/1999 12:00:00 AM",
"License Validation","\Microsoft\Windows\Clip\","Disabled","%SystemRoot%\system32\ClipUp.exe","-p -s -o","11/30/1999 12:00:00 AM",
"CreateObjectTask","\Microsoft\Windows\CloudExperienceHost\","Ready","","","11/30/1999 12:00:00 AM",
"Consolidator","\Microsoft\Windows\Customer Experience Improvement Program\","Ready","%SystemRoot%\System32\wsqmcons.exe","","9/20/2026 6:00:00 AM","9/20/2026 12:00:00 PM"
"UsbCeip","\Microsoft\Windows\Customer Experience Improvement Program\","Ready","","","9/20/2026 4:29:29 AM",
"Data Integrity Check And Scan","\Microsoft\Windows\Data Integrity Scan\","Ready","","","9/20/2026 4:28:28 AM","9/20/2026 11:57:57 PM"
"Data Integrity Scan","\Microsoft\Windows\Data Integrity Scan\","Ready","","","11/30/1999 12:00:00 AM",
"Data Integrity Scan for Crash Recovery","\Microsoft\Windows\Data Integrity Scan\","Ready","","","11/30/1999 12:00:00 AM",
"ScheduledDefrag","\Microsoft\Windows\Defrag\","Ready","%windir%\system32\defrag.exe","-c -h -k -g -$","9/20/2026 4:29:29 AM",
"Device","\Microsoft\Windows\Device Information\","Ready","%windir%\system32\devicecensus.exe","SystemCxt","9/20/2026 4:28:28 AM","9/21/2026 4:50:50 AM"
"Device User","\Microsoft\Windows\Device Information\","Ready","%windir%\system32\devicecensus.exe","UserCxt","9/7/2026 7:29:29 PM",
"Metadata Refresh","\Microsoft\Windows\Device Setup\","Ready","","","9/7/2026 7:27:27 PM",
"Scheduled","\Microsoft\Windows\Diagnosis\","Ready","","","9/7/2026 7:27:27 PM",
"DirectXDatabaseUpdater","\Microsoft\Windows\DirectX\","Ready","%windir%\system32\directxdatabaseupdater.exe","","5/15/2026 7:59:59 AM",
"DXGIAdapterCache","\Microsoft\Windows\DirectX\","Ready","%windir%\system32\dxgiadaptercache.exe","","9/20/2026 4:20:20 AM",
"SilentCleanup","\Microsoft\Windows\DiskCleanup\","Ready","%windir%\system32\cleanmgr.exe","/autocleanstoragesense /d %systemdrive%","9/7/2026 7:31:31 PM",
"Microsoft-Windows-DiskDiagnosticDataCollector","\Microsoft\Windows\DiskDiagnostic\","Disabled","%windir%\system32\rundll32.exe","dfdts.dll,DfdGetDefaultPolicyAndSMART","9/20/2026 4:29:29 AM",
"Microsoft-Windows-DiskDiagnosticResolver","\Microsoft\Windows\DiskDiagnostic\","Disabled","%windir%\system32\DFDWiz.exe","","11/30/1999 12:00:00 AM",
"Diagnostics","\Microsoft\Windows\DiskFootprint\","Ready","%windir%\system32\disksnapshot.exe","-z","9/20/2026 4:29:29 AM",
"StorageSense","\Microsoft\Windows\DiskFootprint\","Ready","","","9/20/2026 4:29:29 AM",
"EDP App Launch Task","\Microsoft\Windows\EDP\","Ready","","","11/30/1999 12:00:00 AM",
"EDP Auth Task","\Microsoft\Windows\EDP\","Ready","","","11/30/1999 12:00:00 AM",
"EDP Inaccessible Credentials Task","\Microsoft\Windows\EDP\","Ready","","","11/30/1999 12:00:00 AM",
"StorageCardEncryption Task","\Microsoft\Windows\EDP\","Ready","","","11/30/1999 12:00:00 AM",
"ExploitGuard MDM policy Refresh","\Microsoft\Windows\ExploitGuard\","Ready","","","9/20/2026 4:19:19 AM",
"Property Definition Sync","\Microsoft\Windows\File Classification Infrastructure\","Disabled","","","11/30/1999 12:00:00 AM","9/21/2026 3:20:20 AM"
"ReconcileFeatures","\Microsoft\Windows\Flighting\FeatureConfig\","Ready","","","9/20/2026 4:22:22 AM",
"UsageDataFlushing","\Microsoft\Windows\Flighting\FeatureConfig\","Ready","","","11/30/1999 12:00:00 AM",
"UsageDataReporting","\Microsoft\Windows\Flighting\FeatureConfig\","Ready","","","9/20/2026 4:19:19 AM",
"RefreshCache","\Microsoft\Windows\Flighting\OneSettings\","Ready","","","9/20/2026 4:28:28 AM","9/20/2026 8:21:21 AM"
"LocalUserSyncDataAvailable","\Microsoft\Windows\Input\","Ready","","","5/13/2026 7:32:32 AM",
"MouseSyncDataAvailable","\Microsoft\Windows\Input\","Ready","","","11/30/1999 12:00:00 AM",
"PenSyncDataAvailable","\Microsoft\Windows\Input\","Ready","","","11/30/1999 12:00:00 AM",
"TouchpadSyncDataAvailable","\Microsoft\Windows\Input\","Ready","","","11/30/1999 12:00:00 AM",
"ScanForUpdates","\Microsoft\Windows\InstallService\","Disabled","","","11/30/1999 12:00:00 AM","9/20/2026 10:35:35 PM"
"ScanForUpdatesAsUser","\Microsoft\Windows\InstallService\","Disabled","","","11/30/1999 12:00:00 AM",
"SmartRetry","\Microsoft\Windows\InstallService\","Disabled","","","11/30/1999 12:00:00 AM",
"WakeUpAndContinueUpdates","\Microsoft\Windows\InstallService\","Disabled","","","11/30/1999 12:00:00 AM",
"WakeUpAndScanForUpdates","\Microsoft\Windows\InstallService\","Disabled","","","11/30/1999 12:00:00 AM","9/21/2026 4:56:56 AM"
"Synchronize Language Settings","\Microsoft\Windows\International\","Ready","","","9/7/2026 9:36:36 PM",
"Installation","\Microsoft\Windows\LanguageComponentsInstaller\","Ready","","","9/7/2026 7:36:36 PM",
"Uninstallation","\Microsoft\Windows\LanguageComponentsInstaller\","Disabled","","","5/17/2026 7:02:02 AM",
"TempSignedLicenseExchange","\Microsoft\Windows\License Manager\","Ready","","","9/7/2026 7:27:27 PM",
"Notifications","\Microsoft\Windows\Location\","Ready","%windir%\System32\LocationNotificationWindows.exe","","11/30/1999 12:00:00 AM",
"WindowsActionDialog","\Microsoft\Windows\Location\","Ready","%windir%\System32\WindowsActionDialog.exe","","11/30/1999 12:00:00 AM",
"WinSAT","\Microsoft\Windows\Maintenance\","Ready","","","9/7/2026 7:43:43 PM",
"MapsToastTask","\Microsoft\Windows\Maps\","Disabled","","","11/30/1999 12:00:00 AM",
"MapsUpdateTask","\Microsoft\Windows\Maps\","Disabled","","","11/30/1999 12:00:00 AM","9/21/2026 12:54:54 AM"
"ProcessMemoryDiagnosticEvents","\Microsoft\Windows\MemoryDiagnostic\","Disabled","","","11/30/1999 12:00:00 AM",
"RunFullMemoryDiagnostic","\Microsoft\Windows\MemoryDiagnostic\","Disabled","","","11/30/1999 12:00:00 AM",
"LPRemove","\Microsoft\Windows\MUI\","Ready","%windir%\system32\lpremove.exe","","9/20/2026 4:29:29 AM",
"SystemSoundsService","\Microsoft\Windows\Multimedia\","Disabled","","","11/30/1999 12:00:00 AM",
"GatherNetworkInfo","\Microsoft\Windows\NetTrace\","Ready","%windir%\system32\gatherNetworkInfo.vbs","","11/30/1999 12:00:00 AM",
"SDN Diagnostics Task","\Microsoft\Windows\Network Controller\","Disabled","%windir%\System32\SDNDiagnosticsTask.exe","","11/30/1999 12:00:00 AM","9/20/2026 8:00:00 AM"
"Background Synchronization","\Microsoft\Windows\Offline Files\","Disabled","","","11/30/1999 12:00:00 AM","9/20/2026 8:11:11 AM"
"Logon Synchronization","\Microsoft\Windows\Offline Files\","Disabled","","","11/30/1999 12:00:00 AM",
"Secure-Boot-Update","\Microsoft\Windows\PI\","Ready","","","5/13/2026 7:32:32 AM",
"Sqm-Tasks","\Microsoft\Windows\PI\","Ready","","","9/7/2026 7:27:27 PM",
"Server Manager Performance Monitor","\Microsoft\Windows\PLA\","Disabled","%systemroot%\system32\rundll32.exe","%systemroot%\system32\pla.dll,PlaHost ""Server Manager Performance Monitor"" ""$(Arg0)""","11/30/1999 12:00:00 AM",
"Device Install Group Policy","\Microsoft\Windows\Plug and Play\","Ready","","","9/7/2026 7:52:52 PM",
"Device Install Reboot Required","\Microsoft\Windows\Plug and Play\","Ready","","","9/7/2026 9:35:35 PM",
"Sysprep Generalize Drivers","\Microsoft\Windows\Plug and Play\","Ready","%SystemRoot%\System32\drvinst.exe","6","11/30/1999 12:00:00 AM",
"AnalyzeSystem","\Microsoft\Windows\Power Efficiency Diagnostics\","Ready","","","9/20/2026 4:45:45 AM",
"LoginCheck","\Microsoft\Windows\PushToInstall\","Disabled","%windir%\system32\sc.exe","start pushtoinstall login","11/30/1999 12:00:00 AM",
"Registration","\Microsoft\Windows\PushToInstall\","Disabled","%windir%\system32\sc.exe","start pushtoinstall registration","11/30/1999 12:00:00 AM","9/30/2026 5:00:00 PM"
"MobilityManager","\Microsoft\Windows\Ras\","Ready","","","11/30/1999 12:00:00 AM",
"VerifyWinRE","\Microsoft\Windows\RecoveryEnvironment\","Disabled","","","6/2/2026 7:19:19 AM",
"RegIdleBackup","\Microsoft\Windows\Registry\","Ready","","","9/20/2026 4:29:29 AM",
"CleanupOldPerfLogs","\Microsoft\Windows\Server Manager\","Ready","%systemroot%\system32\cscript.exe","/B /nologo %systemroot%\system32\calluxxprovider.vbs $(Arg0) $(Arg1) $(Arg2)","11/30/1999 12:00:00 AM",
"ServerManager","\Microsoft\Windows\Server Manager\","Ready","%windir%\system32\ServerManagerLauncher.exe","","9/7/2026 9:35:35 PM",
"StartComponentCleanup","\Microsoft\Windows\Servicing\","Ready","","","9/20/2026 4:29:29 AM",
"Account Cleanup","\Microsoft\Windows\SharedPC\","Disabled","%windir%\System32\rundll32.exe","%windir%\System32\Windows.SharedPC.AccountManager.dll,StartMaintenance","11/30/1999 12:00:00 AM",
"CreateObjectTask","\Microsoft\Windows\Shell\","Ready","","","9/1/2026 3:03:03 PM",
"IndexerAutomaticMaintenance","\Microsoft\Windows\Shell\","Ready","","","9/20/2026 4:29:29 AM",
"UpdateUserPictureTask","\Microsoft\Windows\Shell\","Ready","","","11/30/1999 12:00:00 AM",
"Collection","\Microsoft\Windows\Software Inventory Logging\","Disabled","%systemroot%\system32\cmd.exe","/d /c %systemroot%\system32\silcollector.cmd publish","11/30/1999 12:00:00 AM","9/20/2026 8:24:24 AM"
"Configuration","\Microsoft\Windows\Software Inventory Logging\","Ready","%systemroot%\system32\cmd.exe","/d /c %systemroot%\system32\silcollector.cmd configure","9/20/2026 4:20:20 AM",
"SvcRestartTask","\Microsoft\Windows\SoftwareProtectionPlatform\","Ready","","","11/30/1999 12:00:00 AM","9/21/2026 4:48:48 AM"
"SvcRestartTaskLogon","\Microsoft\Windows\SoftwareProtectionPlatform\","Ready","","","9/7/2026 9:35:35 PM",
"SvcRestartTaskNetwork","\Microsoft\Windows\SoftwareProtectionPlatform\","Ready","","","9/20/2026 4:49:49 AM",
"SpaceAgentTask","\Microsoft\Windows\SpacePort\","Ready","%windir%\system32\SpaceAgent.exe","","11/30/1999 12:00:00 AM",
"SpaceManagerTask","\Microsoft\Windows\SpacePort\","Ready","%windir%\system32\spaceman.exe","/Work","11/30/1999 12:00:00 AM",
"SpeechModelDownloadTask","\Microsoft\Windows\Speech\","Ready","%windir%\system32\speech_onecore\common\SpeechModelDownload.exe","","9/20/2026 4:29:29 AM","9/21/2026 2:02:02 AM"
"MaintenanceTasks","\Microsoft\Windows\StateRepository\","Ready","%windir%\system32\rundll32.exe","%windir%\system32\Windows.StateRepositoryClient.dll,StateRepositoryDoMaintenanceTasks","9/20/2026 4:29:29 AM",
"Storage Tiers Management Initialization","\Microsoft\Windows\Storage Tiers Management\","Ready","","","11/30/1999 12:00:00 AM",
"Storage Tiers Optimization","\Microsoft\Windows\Storage Tiers Management\","Disabled","%windir%\system32\defrag.exe","-c -h -g -# -m 8 -i 13500","11/30/1999 12:00:00 AM","9/20/2026 9:00:00 AM"
"Interactive","\Microsoft\Windows\Task Manager\","Ready","","","11/30/1999 12:00:00 AM",
"MsCtfMonitor","\Microsoft\Windows\TextServicesFramework\","Ready","","","9/7/2026 9:35:35 PM",
"ForceSynchronizeTime","\Microsoft\Windows\Time Synchronization\","Ready","","","9/20/2026 4:19:19 AM",
"SynchronizeTime","\Microsoft\Windows\Time Synchronization\","Ready","%windir%\system32\sc.exe","start w32time task_started","9/20/2026 4:29:29 AM",
"SynchronizeTimeZone","\Microsoft\Windows\Time Zone\","Ready","%windir%\system32\tzsync.exe","","9/20/2026 4:29:29 AM",
"Tpm-HASCertRetr","\Microsoft\Windows\TPM\","Ready","","","11/30/1999 12:00:00 AM",
"Tpm-Maintenance","\Microsoft\Windows\TPM\","Ready","","","5/13/2026 7:29:29 AM",
"MusUx_UpdateInterval","\Microsoft\Windows\UpdateOrchestrator\","Ready","%systemroot%\system32\MusNotification.exe","LogonDisplay","9/7/2026 9:36:36 PM",
"Reboot_AC","\Microsoft\Windows\UpdateOrchestrator\","Disabled","%systemroot%\system32\MusNotification.exe","Display","11/30/1999 12:00:00 AM",
"Report policies","\Microsoft\Windows\UpdateOrchestrator\","Ready","%systemroot%\system32\usoclient.exe","ReportPolicies","9/20/2026 4:29:29 AM",
"Schedule Maintenance Work","\Microsoft\Windows\UpdateOrchestrator\","Disabled","%systemroot%\system32\usoclient.exe","StartMaintenanceWork","11/30/1999 12:00:00 AM",
"Schedule Scan","\Microsoft\Windows\UpdateOrchestrator\","Ready","%systemroot%\system32\usoclient.exe","StartScan","9/20/2026 4:28:28 AM","9/20/2026 11:51:51 AM"
"Schedule Scan Static Task","\Microsoft\Windows\UpdateOrchestrator\","Ready","%systemroot%\system32\usoclient.exe","StartScan","9/20/2026 6:24:24 AM",
"Schedule Wake To Work","\Microsoft\Windows\UpdateOrchestrator\","Disabled","%systemroot%\system32\usoclient.exe","StartWork","11/30/1999 12:00:00 AM",
"Schedule Work","\Microsoft\Windows\UpdateOrchestrator\","Disabled","%systemroot%\system32\usoclient.exe","StartWork","11/30/1999 12:00:00 AM",
"USO_UxBroker","\Microsoft\Windows\UpdateOrchestrator\","Ready","%systemroot%\system32\MusNotification.exe","","9/20/2026 4:28:28 AM","9/21/2026 11:22:22 AM"
"UUS Failover Task","\Microsoft\Windows\UpdateOrchestrator\","Ready","%systemroot%\system32\failover.exe","","11/30/1999 12:00:00 AM",
"UPnPHostConfig","\Microsoft\Windows\UPnP\","Disabled","sc.exe","config upnphost start= auto","11/30/1999 12:00:00 AM",
"HiveUploadTask","\Microsoft\Windows\User Profile Service\","Disabled","","","11/30/1999 12:00:00 AM","9/20/2026 12:14:14 PM"
"PerformRemediation","\Microsoft\Windows\WaaSMedic\","Disabled","","","11/30/1999 12:00:00 AM","9/27/2026 5:14:14 AM"
"ResolutionHost","\Microsoft\Windows\WDI\","Ready","","","9/7/2026 9:37:37 PM",
"QueueReporting","\Microsoft\Windows\Windows Error Reporting\","Ready","%windir%\system32\wermgr.exe","-upload","9/20/2026 5:45:45 AM","9/20/2026 9:39:39 AM"
"BfeOnServiceStartTypeChange","\Microsoft\Windows\Windows Filtering Platform\","Ready","%windir%\system32\rundll32.exe","bfe.dll,BfeOnServiceStartTypeChange","11/30/1999 12:00:00 AM",
"UpdateLibrary","\Microsoft\Windows\Windows Media Sharing\","Ready","""%ProgramFiles%\Windows Media Player\wmpnscfg.exe""","","11/30/1999 12:00:00 AM",
"Calibration Loader","\Microsoft\Windows\WindowsColorSystem\","Ready","","","9/7/2026 9:35:35 PM",
"Scheduled Start","\Microsoft\Windows\WindowsUpdate\","Disabled","C:\Windows\system32\sc.exe","start wuauserv","9/1/2026 8:21:21 PM",
"CacheTask","\Microsoft\Windows\Wininet\","Ready","","","9/7/2026 9:35:35 PM",
"Automatic-Device-Join","\Microsoft\Windows\Workplace Join\","Ready","%SystemRoot%\System32\dsregcmd.exe","$(Arg0) $(Arg1) $(Arg2)","9/20/2026 7:36:36 AM",
"Device-Sync","\Microsoft\Windows\Workplace Join\","Disabled","","","11/30/1999 12:00:00 AM",
"Recovery-Check","\Microsoft\Windows\Workplace Join\","Disabled","%SystemRoot%\System32\dsregcmd.exe","/checkrecovery","11/30/1999 12:00:00 AM",
"OobeDiscovery","\Microsoft\Windows\WwanSvc\","Ready","","","9/20/2026 4:19:19 AM",
"ScaffoldDeployEngine","\Scaffold\","Ready","powershell.exe","-NoProfile -NonInteractive -ExecutionPolicy Bypass -Command ""if (Get-ChildItem 'C:\Software\Packages\Ready' -File -ErrorAction SilentlyContinue) { & 'C:\Software\Scripts\Deploy-Engine.ps1' }""","9/20/2026 7:48:48 AM","9/20/2026 7:50:50 AM"
