TimeGenerated,EventID,Computer,Provider,Channel,RecordID,Level,Binary,Name,VirtualizationID,attributes_Name,param1,param2,param3,param4
2025-06-08T14:39:41.883665Z,7693,DC01,Microsoft-Windows-DNS-Server-Service,DNS Server,1,4,,,,DNS_EVENT_SCOPE_EDNS_OPCODE_SET,65433,,,
2025-06-08T14:39:41.886721Z,414,DC01,Microsoft-Windows-DNS-Server-Service,DNS Server,2,3,,,,DNS_EVENT_SINGLE_LABEL_HOSTNAME,,,,
2025-06-08T14:39:41.960718Z,708,DC01,Microsoft-Windows-DNS-Server-Service,DNS Server,3,4,,,,DNS_EVENT_CACHING_SERVER_ONLY,,,,
2025-06-08T14:39:42.012123Z,2,DC01,Microsoft-Windows-DNS-Server-Service,DNS Server,4,4,,DNS_EVENT_STARTUP_OK,,,,,,
2025-06-08T14:39:59.753117Z,2631,DC01,Microsoft-Windows-DNS-Server-Service,DNS Server,5,4,,,,DNS_EVENT_AUTOCONFIG_SUCCEEDED,DNS server root hints,DNS server forwarders,DNS resolver,
2025-06-08T14:39:59.753765Z,3150,DC01,Microsoft-Windows-DNS-Server-Service,DNS Server,6,4,,,,DNS_EVENT_ZONE_WRITE_COMPLETED,1,pirate.htb,pirate.htb.dns,
2025-06-08T14:39:59.756957Z,3150,DC01,Microsoft-Windows-DNS-Server-Service,DNS Server,7,4,,,,DNS_EVENT_ZONE_WRITE_COMPLETED,1,_msdcs.pirate.htb,_msdcs.pirate.htb.dns,
2025-06-08T14:40:15.614816Z,3150,DC01.pirate.htb,Microsoft-Windows-DNS-Server-Service,DNS Server,8,4,,,,DNS_EVENT_ZONE_WRITE_COMPLETED,2,pirate.htb,pirate.htb.dns,
2025-06-08T14:40:15.617199Z,3,DC01.pirate.htb,Microsoft-Windows-DNS-Server-Service,DNS Server,9,4,,DNS_EVENT_SHUTDOWN,,,,,,
2025-06-08T14:40:55.081629Z,7693,DC01.pirate.htb,Microsoft-Windows-DNS-Server-Service,DNS Server,10,4,,,,DNS_EVENT_SCOPE_EDNS_OPCODE_SET,65433,,,
2025-06-08T14:41:00.813823Z,4013,DC01.pirate.htb,Microsoft-Windows-DNS-Server-Service,DNS Server,11,3,,DNS_EVENT_DS_OPEN_WAIT,,,,,,
2025-06-08T14:41:09.348743Z,769,DC01.pirate.htb,Microsoft-Windows-DNS-Server-Service,DNS Server,12,4,,,.,DNS_EVENT_ZONE_LOAD_OK,_msdcs.pirate.htb,_msdcs.pirate.htb.dns,DC01.pirate.htb,
2025-06-08T14:41:09.348896Z,769,DC01.pirate.htb,Microsoft-Windows-DNS-Server-Service,DNS Server,13,4,,,.,DNS_EVENT_ZONE_LOAD_OK,pirate.htb,pirate.htb.dns,DC01.pirate.htb,
2025-06-08T14:41:09.348899Z,4,DC01.pirate.htb,Microsoft-Windows-DNS-Server-Service,DNS Server,14,4,,DNS_EVENT_ZONE_LOAD_COMPLETE,,,,,,
2025-06-08T14:41:09.413575Z,2,DC01.pirate.htb,Microsoft-Windows-DNS-Server-Service,DNS Server,15,4,,DNS_EVENT_STARTUP_OK,,,,,,
2025-06-08T14:42:10.443114Z,7648,DC01.pirate.htb,Microsoft-Windows-DNS-Server-Service,DNS Server,16,4,,,,DNS_EVENT_DNSSEC_KEYMASTER_CHANGE_DETECTED,pirate.htb,DC01.pirate.htb,,
2025-06-08T14:49:17.530362Z,4500,DC01.pirate.htb,Microsoft-Windows-DNS-Server-Service,DNS Server,17,4,,,,DNS_EVENT_DP_CREATED,DomainDnsZones.pirate.htb,"DC=DomainDnsZones,DC=pirate,DC=htb",,
2025-06-08T14:49:17.539772Z,4500,DC01.pirate.htb,Microsoft-Windows-DNS-Server-Service,DNS Server,18,4,,,,DNS_EVENT_DP_CREATED,ForestDnsZones.pirate.htb,"DC=ForestDnsZones,DC=pirate,DC=htb",,
2025-06-08T16:24:15.933788Z,3,DC01.pirate.htb,Microsoft-Windows-DNS-Server-Service,DNS Server,19,4,,DNS_EVENT_SHUTDOWN,,,,,,
2025-06-08T16:24:57.936627Z,7693,DC01.pirate.htb,Microsoft-Windows-DNS-Server-Service,DNS Server,20,4,,,,DNS_EVENT_SCOPE_EDNS_OPCODE_SET,65433,,,
2025-06-08T16:25:03.102936Z,4013,DC01.pirate.htb,Microsoft-Windows-DNS-Server-Service,DNS Server,21,3,,DNS_EVENT_DS_OPEN_WAIT,,,,,,
2025-06-08T16:25:12.592939Z,769,DC01.pirate.htb,Microsoft-Windows-DNS-Server-Service,DNS Server,22,4,,,.,DNS_EVENT_ZONE_LOAD_OK,_msdcs.pirate.htb,NULL,DC01.pirate.htb,
2025-06-08T16:25:12.594881Z,769,DC01.pirate.htb,Microsoft-Windows-DNS-Server-Service,DNS Server,23,4,,,.,DNS_EVENT_ZONE_LOAD_OK,pirate.htb,NULL,DC01.pirate.htb,
2025-06-08T16:25:12.596509Z,7648,DC01.pirate.htb,Microsoft-Windows-DNS-Server-Service,DNS Server,24,4,,,,DNS_EVENT_DNSSEC_KEYMASTER_CHANGE_DETECTED,pirate.htb,DC01.pirate.htb,,
2025-06-08T16:25:12.643925Z,2,DC01.pirate.htb,Microsoft-Windows-DNS-Server-Service,DNS Server,25,4,,DNS_EVENT_STARTUP_OK,,,,,,
2025-06-08T16:25:13.109828Z,4,DC01.pirate.htb,Microsoft-Windows-DNS-Server-Service,DNS Server,26,4,,DNS_EVENT_ZONE_LOAD_COMPLETE,,,,,,
2025-06-08T17:02:25.615726Z,4015,DC01.pirate.htb,Microsoft-Windows-DNS-Server-Service,DNS Server,27,2,01000000,,,DNS_EVENT_DS_INTERFACE_ERROR,"000020EF: SvcErr: DSID-0208067C, problem 5012 (DIR_ERROR), data -106",,,
2025-06-08T20:01:22.442106Z,3,DC01.pirate.htb,Microsoft-Windows-DNS-Server-Service,DNS Server,28,4,,DNS_EVENT_SHUTDOWN,,,,,,
2025-06-08T20:02:41.645681Z,7693,DC01.pirate.htb,Microsoft-Windows-DNS-Server-Service,DNS Server,29,4,,,,DNS_EVENT_SCOPE_EDNS_OPCODE_SET,65433,,,
2025-06-08T20:02:46.776571Z,4013,DC01.pirate.htb,Microsoft-Windows-DNS-Server-Service,DNS Server,30,3,,DNS_EVENT_DS_OPEN_WAIT,,,,,,
2025-06-08T20:02:55.437235Z,769,DC01.pirate.htb,Microsoft-Windows-DNS-Server-Service,DNS Server,31,4,,,.,DNS_EVENT_ZONE_LOAD_OK,_msdcs.pirate.htb,NULL,DC01.pirate.htb,
2025-06-08T20:02:55.439611Z,769,DC01.pirate.htb,Microsoft-Windows-DNS-Server-Service,DNS Server,32,4,,,.,DNS_EVENT_ZONE_LOAD_OK,pirate.htb,NULL,DC01.pirate.htb,
2025-06-08T20:02:55.441674Z,7648,DC01.pirate.htb,Microsoft-Windows-DNS-Server-Service,DNS Server,33,4,,,,DNS_EVENT_DNSSEC_KEYMASTER_CHANGE_DETECTED,pirate.htb,DC01.pirate.htb,,
2025-06-08T20:02:55.533272Z,2,DC01.pirate.htb,Microsoft-Windows-DNS-Server-Service,DNS Server,34,4,,DNS_EVENT_STARTUP_OK,,,,,,
2025-06-08T20:02:55.961090Z,4,DC01.pirate.htb,Microsoft-Windows-DNS-Server-Service,DNS Server,35,4,,DNS_EVENT_ZONE_LOAD_COMPLETE,,,,,,
2025-06-08T20:12:00.768177Z,3,DC01.pirate.htb,Microsoft-Windows-DNS-Server-Service,DNS Server,36,4,,DNS_EVENT_SHUTDOWN,,,,,,
2025-06-08T20:12:42.701197Z,7693,DC01.pirate.htb,Microsoft-Windows-DNS-Server-Service,DNS Server,37,4,,,,DNS_EVENT_SCOPE_EDNS_OPCODE_SET,65433,,,
2025-06-08T20:12:47.819391Z,4013,DC01.pirate.htb,Microsoft-Windows-DNS-Server-Service,DNS Server,38,3,,DNS_EVENT_DS_OPEN_WAIT,,,,,,
2025-06-08T20:13:34.136906Z,7693,DC01.pirate.htb,Microsoft-Windows-DNS-Server-Service,DNS Server,39,4,,,,DNS_EVENT_SCOPE_EDNS_OPCODE_SET,65433,,,
2025-06-08T20:13:39.342439Z,4013,DC01.pirate.htb,Microsoft-Windows-DNS-Server-Service,DNS Server,40,3,,DNS_EVENT_DS_OPEN_WAIT,,,,,,
2025-06-08T20:13:48.090997Z,769,DC01.pirate.htb,Microsoft-Windows-DNS-Server-Service,DNS Server,41,4,,,.,DNS_EVENT_ZONE_LOAD_OK,_msdcs.pirate.htb,NULL,DC01.pirate.htb,
2025-06-08T20:13:48.093065Z,769,DC01.pirate.htb,Microsoft-Windows-DNS-Server-Service,DNS Server,42,4,,,.,DNS_EVENT_ZONE_LOAD_OK,pirate.htb,NULL,DC01.pirate.htb,
2025-06-08T20:13:48.095137Z,7648,DC01.pirate.htb,Microsoft-Windows-DNS-Server-Service,DNS Server,43,4,,,,DNS_EVENT_DNSSEC_KEYMASTER_CHANGE_DETECTED,pirate.htb,DC01.pirate.htb,,
2025-06-08T20:13:48.195538Z,2,DC01.pirate.htb,Microsoft-Windows-DNS-Server-Service,DNS Server,44,4,,DNS_EVENT_STARTUP_OK,,,,,,
2025-06-08T20:13:48.598772Z,4,DC01.pirate.htb,Microsoft-Windows-DNS-Server-Service,DNS Server,45,4,,DNS_EVENT_ZONE_LOAD_COMPLETE,,,,,,
2025-06-08T20:19:10.773024Z,407,DC01.pirate.htb,Microsoft-Windows-DNS-Server-Service,DNS Server,46,2,41270000,,,DNS_EVENT_CANNOT_BIND_UDP_SOCKET,192.168.100.1,,,
2025-06-08T20:19:10.773026Z,408,DC01.pirate.htb,Microsoft-Windows-DNS-Server-Service,DNS Server,47,2,,,,DNS_EVENT_OPEN_SOCKET_FOR_ADDRESS,192.168.100.1,,,
2025-06-08T20:19:10.773298Z,404,DC01.pirate.htb,Microsoft-Windows-DNS-Server-Service,DNS Server,48,2,41270000,,,DNS_EVENT_CANNOT_BIND_TCP_SOCKET,192.168.100.1,,,
2025-06-08T20:19:10.773300Z,408,DC01.pirate.htb,Microsoft-Windows-DNS-Server-Service,DNS Server,49,2,,,,DNS_EVENT_OPEN_SOCKET_FOR_ADDRESS,192.168.100.1,,,
2025-06-08T21:39:45.700267Z,3,DC01.pirate.htb,Microsoft-Windows-DNS-Server-Service,DNS Server,50,4,,DNS_EVENT_SHUTDOWN,,,,,,
2025-06-09T13:03:21.033015Z,7693,DC01.pirate.htb,Microsoft-Windows-DNS-Server-Service,DNS Server,51,4,,,,DNS_EVENT_SCOPE_EDNS_OPCODE_SET,65433,,,
2025-06-09T13:03:26.178659Z,4013,DC01.pirate.htb,Microsoft-Windows-DNS-Server-Service,DNS Server,52,3,,DNS_EVENT_DS_OPEN_WAIT,,,,,,
2025-06-09T13:03:28.974489Z,769,DC01.pirate.htb,Microsoft-Windows-DNS-Server-Service,DNS Server,53,4,,,.,DNS_EVENT_ZONE_LOAD_OK,_msdcs.pirate.htb,NULL,DC01.pirate.htb,
2025-06-09T13:03:28.978601Z,769,DC01.pirate.htb,Microsoft-Windows-DNS-Server-Service,DNS Server,54,4,,,.,DNS_EVENT_ZONE_LOAD_OK,pirate.htb,NULL,DC01.pirate.htb,
2025-06-09T13:03:28.981168Z,7648,DC01.pirate.htb,Microsoft-Windows-DNS-Server-Service,DNS Server,55,4,,,,DNS_EVENT_DNSSEC_KEYMASTER_CHANGE_DETECTED,pirate.htb,DC01.pirate.htb,,
2025-06-09T13:03:29.081304Z,2,DC01.pirate.htb,Microsoft-Windows-DNS-Server-Service,DNS Server,56,4,,DNS_EVENT_STARTUP_OK,,,,,,
2025-06-09T13:03:29.487614Z,4,DC01.pirate.htb,Microsoft-Windows-DNS-Server-Service,DNS Server,57,4,,DNS_EVENT_ZONE_LOAD_COMPLETE,,,,,,
2025-06-09T14:14:13.156832Z,3,DC01.pirate.htb,Microsoft-Windows-DNS-Server-Service,DNS Server,58,4,,DNS_EVENT_SHUTDOWN,,,,,,
2025-06-09T14:15:06.273253Z,7693,DC01.pirate.htb,Microsoft-Windows-DNS-Server-Service,DNS Server,59,4,,,,DNS_EVENT_SCOPE_EDNS_OPCODE_SET,65433,,,
2025-06-09T14:15:11.519540Z,4013,DC01.pirate.htb,Microsoft-Windows-DNS-Server-Service,DNS Server,60,3,,DNS_EVENT_DS_OPEN_WAIT,,,,,,
2025-06-09T14:15:14.203252Z,769,DC01.pirate.htb,Microsoft-Windows-DNS-Server-Service,DNS Server,61,4,,,.,DNS_EVENT_ZONE_LOAD_OK,_msdcs.pirate.htb,NULL,DC01.pirate.htb,
2025-06-09T14:15:14.205464Z,769,DC01.pirate.htb,Microsoft-Windows-DNS-Server-Service,DNS Server,62,4,,,.,DNS_EVENT_ZONE_LOAD_OK,pirate.htb,NULL,DC01.pirate.htb,
2025-06-09T14:15:14.207432Z,7648,DC01.pirate.htb,Microsoft-Windows-DNS-Server-Service,DNS Server,63,4,,,,DNS_EVENT_DNSSEC_KEYMASTER_CHANGE_DETECTED,pirate.htb,DC01.pirate.htb,,
2025-06-09T14:15:14.299713Z,2,DC01.pirate.htb,Microsoft-Windows-DNS-Server-Service,DNS Server,64,4,,DNS_EVENT_STARTUP_OK,,,,,,
2025-06-09T14:15:14.712219Z,4,DC01.pirate.htb,Microsoft-Windows-DNS-Server-Service,DNS Server,65,4,,DNS_EVENT_ZONE_LOAD_COMPLETE,,,,,,
2025-06-09T15:44:48.919814Z,3,DC01.pirate.htb,Microsoft-Windows-DNS-Server-Service,DNS Server,66,4,,DNS_EVENT_SHUTDOWN,,,,,,
2025-06-09T15:45:42.750162Z,7693,DC01.pirate.htb,Microsoft-Windows-DNS-Server-Service,DNS Server,67,4,,,,DNS_EVENT_SCOPE_EDNS_OPCODE_SET,65433,,,
2025-06-09T15:45:48.157805Z,4013,DC01.pirate.htb,Microsoft-Windows-DNS-Server-Service,DNS Server,68,3,,DNS_EVENT_DS_OPEN_WAIT,,,,,,
2025-06-09T15:45:50.579307Z,769,DC01.pirate.htb,Microsoft-Windows-DNS-Server-Service,DNS Server,69,4,,,.,DNS_EVENT_ZONE_LOAD_OK,_msdcs.pirate.htb,NULL,DC01.pirate.htb,
2025-06-09T15:45:50.582458Z,769,DC01.pirate.htb,Microsoft-Windows-DNS-Server-Service,DNS Server,70,4,,,.,DNS_EVENT_ZONE_LOAD_OK,pirate.htb,NULL,DC01.pirate.htb,
2025-06-09T15:45:50.583413Z,769,DC01.pirate.htb,Microsoft-Windows-DNS-Server-Service,DNS Server,71,4,,,.,DNS_EVENT_ZONE_LOAD_OK,TrustAnchors,NULL,DC01.pirate.htb,
2025-06-09T15:45:50.585324Z,7648,DC01.pirate.htb,Microsoft-Windows-DNS-Server-Service,DNS Server,72,4,,,,DNS_EVENT_DNSSEC_KEYMASTER_CHANGE_DETECTED,pirate.htb,DC01.pirate.htb,,
2025-06-09T15:45:50.734549Z,2,DC01.pirate.htb,Microsoft-Windows-DNS-Server-Service,DNS Server,73,4,,DNS_EVENT_STARTUP_OK,,,,,,
2025-06-09T15:45:51.094381Z,4,DC01.pirate.htb,Microsoft-Windows-DNS-Server-Service,DNS Server,74,4,,DNS_EVENT_ZONE_LOAD_COMPLETE,,,,,,
2025-06-09T18:06:23.718319Z,3,DC01.pirate.htb,Microsoft-Windows-DNS-Server-Service,DNS Server,75,4,,DNS_EVENT_SHUTDOWN,,,,,,
2025-06-10T13:53:11.082609Z,7693,DC01.pirate.htb,Microsoft-Windows-DNS-Server-Service,DNS Server,76,4,,,,DNS_EVENT_SCOPE_EDNS_OPCODE_SET,65433,,,
2025-06-10T13:53:16.347743Z,4013,DC01.pirate.htb,Microsoft-Windows-DNS-Server-Service,DNS Server,77,3,,DNS_EVENT_DS_OPEN_WAIT,,,,,,
2025-06-10T13:53:19.385236Z,769,DC01.pirate.htb,Microsoft-Windows-DNS-Server-Service,DNS Server,78,4,,,.,DNS_EVENT_ZONE_LOAD_OK,_msdcs.pirate.htb,NULL,DC01.pirate.htb,
2025-06-10T13:53:19.388025Z,769,DC01.pirate.htb,Microsoft-Windows-DNS-Server-Service,DNS Server,79,4,,,.,DNS_EVENT_ZONE_LOAD_OK,pirate.htb,NULL,DC01.pirate.htb,
2025-06-10T13:53:19.388956Z,769,DC01.pirate.htb,Microsoft-Windows-DNS-Server-Service,DNS Server,80,4,,,.,DNS_EVENT_ZONE_LOAD_OK,TrustAnchors,NULL,DC01.pirate.htb,
2025-06-10T13:53:19.391282Z,7648,DC01.pirate.htb,Microsoft-Windows-DNS-Server-Service,DNS Server,81,4,,,,DNS_EVENT_DNSSEC_KEYMASTER_CHANGE_DETECTED,pirate.htb,DC01.pirate.htb,,
2025-06-10T13:53:19.536116Z,2,DC01.pirate.htb,Microsoft-Windows-DNS-Server-Service,DNS Server,82,4,,DNS_EVENT_STARTUP_OK,,,,,,
2025-06-10T13:53:19.907712Z,4,DC01.pirate.htb,Microsoft-Windows-DNS-Server-Service,DNS Server,83,4,,DNS_EVENT_ZONE_LOAD_COMPLETE,,,,,,
2025-06-10T15:54:42.852135Z,3,DC01.pirate.htb,Microsoft-Windows-DNS-Server-Service,DNS Server,84,4,,DNS_EVENT_SHUTDOWN,,,,,,
2025-06-11T13:25:12.706803Z,7693,DC01.pirate.htb,Microsoft-Windows-DNS-Server-Service,DNS Server,85,4,,,,DNS_EVENT_SCOPE_EDNS_OPCODE_SET,65433,,,
2025-06-11T13:25:18.152732Z,4013,DC01.pirate.htb,Microsoft-Windows-DNS-Server-Service,DNS Server,86,3,,DNS_EVENT_DS_OPEN_WAIT,,,,,,
2025-06-11T13:25:20.582005Z,769,DC01.pirate.htb,Microsoft-Windows-DNS-Server-Service,DNS Server,87,4,,,.,DNS_EVENT_ZONE_LOAD_OK,_msdcs.pirate.htb,NULL,DC01.pirate.htb,
2025-06-11T13:25:20.584620Z,769,DC01.pirate.htb,Microsoft-Windows-DNS-Server-Service,DNS Server,88,4,,,.,DNS_EVENT_ZONE_LOAD_OK,pirate.htb,NULL,DC01.pirate.htb,
2025-06-11T13:25:20.585634Z,769,DC01.pirate.htb,Microsoft-Windows-DNS-Server-Service,DNS Server,89,4,,,.,DNS_EVENT_ZONE_LOAD_OK,TrustAnchors,NULL,DC01.pirate.htb,
2025-06-11T13:25:20.587867Z,7648,DC01.pirate.htb,Microsoft-Windows-DNS-Server-Service,DNS Server,90,4,,,,DNS_EVENT_DNSSEC_KEYMASTER_CHANGE_DETECTED,pirate.htb,DC01.pirate.htb,,
2025-06-11T13:25:20.733846Z,2,DC01.pirate.htb,Microsoft-Windows-DNS-Server-Service,DNS Server,91,4,,DNS_EVENT_STARTUP_OK,,,,,,
2025-06-11T13:25:21.105916Z,4,DC01.pirate.htb,Microsoft-Windows-DNS-Server-Service,DNS Server,92,4,,DNS_EVENT_ZONE_LOAD_COMPLETE,,,,,,
2025-06-11T17:17:49.820718Z,3,DC01.pirate.htb,Microsoft-Windows-DNS-Server-Service,DNS Server,93,4,,DNS_EVENT_SHUTDOWN,,,,,,
2025-07-29T03:59:07.257215Z,7693,DC01.pirate.htb,Microsoft-Windows-DNS-Server-Service,DNS Server,94,4,,,,DNS_EVENT_SCOPE_EDNS_OPCODE_SET,65433,,,
2025-07-29T03:59:12.745532Z,4013,DC01.pirate.htb,Microsoft-Windows-DNS-Server-Service,DNS Server,95,3,,DNS_EVENT_DS_OPEN_WAIT,,,,,,
2025-07-29T03:59:16.005023Z,407,DC01.pirate.htb,Microsoft-Windows-DNS-Server-Service,DNS Server,96,2,41270000,,,DNS_EVENT_CANNOT_BIND_UDP_SOCKET,169.254.38.24,,,
2025-07-29T03:59:16.005184Z,408,DC01.pirate.htb,Microsoft-Windows-DNS-Server-Service,DNS Server,97,2,,,,DNS_EVENT_OPEN_SOCKET_FOR_ADDRESS,169.254.38.24,,,
2025-07-29T03:59:16.006012Z,404,DC01.pirate.htb,Microsoft-Windows-DNS-Server-Service,DNS Server,98,2,41270000,,,DNS_EVENT_CANNOT_BIND_TCP_SOCKET,169.254.38.24,,,
2025-07-29T03:59:16.006017Z,408,DC01.pirate.htb,Microsoft-Windows-DNS-Server-Service,DNS Server,99,2,,,,DNS_EVENT_OPEN_SOCKET_FOR_ADDRESS,169.254.38.24,,,
2025-07-29T03:59:30.419531Z,769,DC01.pirate.htb,Microsoft-Windows-DNS-Server-Service,DNS Server,100,4,,,.,DNS_EVENT_ZONE_LOAD_OK,_msdcs.pirate.htb,NULL,DC01.pirate.htb,
2025-07-29T03:59:30.444710Z,769,DC01.pirate.htb,Microsoft-Windows-DNS-Server-Service,DNS Server,101,4,,,.,DNS_EVENT_ZONE_LOAD_OK,pirate.htb,NULL,DC01.pirate.htb,
2025-07-29T03:59:30.448051Z,769,DC01.pirate.htb,Microsoft-Windows-DNS-Server-Service,DNS Server,102,4,,,.,DNS_EVENT_ZONE_LOAD_OK,TrustAnchors,NULL,DC01.pirate.htb,
2025-07-29T03:59:30.453703Z,7648,DC01.pirate.htb,Microsoft-Windows-DNS-Server-Service,DNS Server,103,4,,,,DNS_EVENT_DNSSEC_KEYMASTER_CHANGE_DETECTED,pirate.htb,DC01.pirate.htb,,
2025-07-29T03:59:30.471386Z,2,DC01.pirate.htb,Microsoft-Windows-DNS-Server-Service,DNS Server,104,4,,DNS_EVENT_STARTUP_OK,,,,,,
2025-07-29T03:59:31.272480Z,4,DC01.pirate.htb,Microsoft-Windows-DNS-Server-Service,DNS Server,105,4,,DNS_EVENT_ZONE_LOAD_COMPLETE,,,,,,
2025-07-29T04:00:18.824890Z,407,DC01.pirate.htb,Microsoft-Windows-DNS-Server-Service,DNS Server,106,2,41270000,,,DNS_EVENT_CANNOT_BIND_UDP_SOCKET,10.10.11.85,,,
2025-07-29T04:00:18.824894Z,408,DC01.pirate.htb,Microsoft-Windows-DNS-Server-Service,DNS Server,107,2,,,,DNS_EVENT_OPEN_SOCKET_FOR_ADDRESS,10.10.11.85,,,
2025-07-29T04:00:18.825291Z,404,DC01.pirate.htb,Microsoft-Windows-DNS-Server-Service,DNS Server,108,2,41270000,,,DNS_EVENT_CANNOT_BIND_TCP_SOCKET,10.10.11.85,,,
2025-07-29T04:00:18.825293Z,408,DC01.pirate.htb,Microsoft-Windows-DNS-Server-Service,DNS Server,109,2,,,,DNS_EVENT_OPEN_SOCKET_FOR_ADDRESS,10.10.11.85,,,
2025-07-29T04:00:18.844705Z,407,DC01.pirate.htb,Microsoft-Windows-DNS-Server-Service,DNS Server,110,2,41270000,,,DNS_EVENT_CANNOT_BIND_UDP_SOCKET,10.10.11.85,,,
2025-07-29T04:00:18.844708Z,408,DC01.pirate.htb,Microsoft-Windows-DNS-Server-Service,DNS Server,111,2,,,,DNS_EVENT_OPEN_SOCKET_FOR_ADDRESS,10.10.11.85,,,
2025-07-29T04:00:18.845016Z,404,DC01.pirate.htb,Microsoft-Windows-DNS-Server-Service,DNS Server,112,2,41270000,,,DNS_EVENT_CANNOT_BIND_TCP_SOCKET,10.10.11.85,,,
2025-07-29T04:00:18.845018Z,408,DC01.pirate.htb,Microsoft-Windows-DNS-Server-Service,DNS Server,113,2,,,,DNS_EVENT_OPEN_SOCKET_FOR_ADDRESS,10.10.11.85,,,
2025-07-29T04:00:42.924997Z,3,DC01.pirate.htb,Microsoft-Windows-DNS-Server-Service,DNS Server,114,4,,DNS_EVENT_SHUTDOWN,,,,,,
2025-07-29T04:05:14.837928Z,7693,DC01.pirate.htb,Microsoft-Windows-DNS-Server-Service,DNS Server,115,4,,,,DNS_EVENT_SCOPE_EDNS_OPCODE_SET,65433,,,
2025-07-29T04:05:20.250196Z,4013,DC01.pirate.htb,Microsoft-Windows-DNS-Server-Service,DNS Server,116,3,,DNS_EVENT_DS_OPEN_WAIT,,,,,,
2025-07-29T04:05:32.045939Z,769,DC01.pirate.htb,Microsoft-Windows-DNS-Server-Service,DNS Server,117,4,,,.,DNS_EVENT_ZONE_LOAD_OK,_msdcs.pirate.htb,NULL,DC01.pirate.htb,
2025-07-29T04:05:32.054302Z,769,DC01.pirate.htb,Microsoft-Windows-DNS-Server-Service,DNS Server,118,4,,,.,DNS_EVENT_ZONE_LOAD_OK,pirate.htb,NULL,DC01.pirate.htb,
2025-07-29T04:05:32.058259Z,769,DC01.pirate.htb,Microsoft-Windows-DNS-Server-Service,DNS Server,119,4,,,.,DNS_EVENT_ZONE_LOAD_OK,TrustAnchors,NULL,DC01.pirate.htb,
2025-07-29T04:05:32.066965Z,7648,DC01.pirate.htb,Microsoft-Windows-DNS-Server-Service,DNS Server,120,4,,,,DNS_EVENT_DNSSEC_KEYMASTER_CHANGE_DETECTED,pirate.htb,DC01.pirate.htb,,
2025-07-29T04:05:32.187358Z,2,DC01.pirate.htb,Microsoft-Windows-DNS-Server-Service,DNS Server,121,4,,DNS_EVENT_STARTUP_OK,,,,,,
2025-07-29T04:05:32.587745Z,4,DC01.pirate.htb,Microsoft-Windows-DNS-Server-Service,DNS Server,122,4,,DNS_EVENT_ZONE_LOAD_COMPLETE,,,,,,
2025-07-29T04:08:27.743156Z,407,DC01.pirate.htb,Microsoft-Windows-DNS-Server-Service,DNS Server,123,2,41270000,,,DNS_EVENT_CANNOT_BIND_UDP_SOCKET,10.10.11.85,,,
2025-07-29T04:08:27.743159Z,408,DC01.pirate.htb,Microsoft-Windows-DNS-Server-Service,DNS Server,124,2,,,,DNS_EVENT_OPEN_SOCKET_FOR_ADDRESS,10.10.11.85,,,
2025-07-29T04:08:27.743418Z,404,DC01.pirate.htb,Microsoft-Windows-DNS-Server-Service,DNS Server,125,2,41270000,,,DNS_EVENT_CANNOT_BIND_TCP_SOCKET,10.10.11.85,,,
2025-07-29T04:08:27.743419Z,408,DC01.pirate.htb,Microsoft-Windows-DNS-Server-Service,DNS Server,126,2,,,,DNS_EVENT_OPEN_SOCKET_FOR_ADDRESS,10.10.11.85,,,
2025-07-29T04:08:28.025155Z,407,DC01.pirate.htb,Microsoft-Windows-DNS-Server-Service,DNS Server,127,2,41270000,,,DNS_EVENT_CANNOT_BIND_UDP_SOCKET,10.10.11.85,,,
2025-07-29T04:08:28.025158Z,408,DC01.pirate.htb,Microsoft-Windows-DNS-Server-Service,DNS Server,128,2,,,,DNS_EVENT_OPEN_SOCKET_FOR_ADDRESS,10.10.11.85,,,
2025-07-29T04:08:28.025548Z,404,DC01.pirate.htb,Microsoft-Windows-DNS-Server-Service,DNS Server,129,2,41270000,,,DNS_EVENT_CANNOT_BIND_TCP_SOCKET,10.10.11.85,,,
2025-07-29T04:08:28.025550Z,408,DC01.pirate.htb,Microsoft-Windows-DNS-Server-Service,DNS Server,130,2,,,,DNS_EVENT_OPEN_SOCKET_FOR_ADDRESS,10.10.11.85,,,
2025-07-29T04:08:29.030376Z,407,DC01.pirate.htb,Microsoft-Windows-DNS-Server-Service,DNS Server,131,2,41270000,,,DNS_EVENT_CANNOT_BIND_UDP_SOCKET,10.10.11.85,,,
2025-07-29T04:08:29.030379Z,408,DC01.pirate.htb,Microsoft-Windows-DNS-Server-Service,DNS Server,132,2,,,,DNS_EVENT_OPEN_SOCKET_FOR_ADDRESS,10.10.11.85,,,
2025-07-29T04:08:29.030641Z,404,DC01.pirate.htb,Microsoft-Windows-DNS-Server-Service,DNS Server,133,2,41270000,,,DNS_EVENT_CANNOT_BIND_TCP_SOCKET,10.10.11.85,,,
2025-07-29T04:08:29.030643Z,408,DC01.pirate.htb,Microsoft-Windows-DNS-Server-Service,DNS Server,134,2,,,,DNS_EVENT_OPEN_SOCKET_FOR_ADDRESS,10.10.11.85,,,
2025-07-29T04:08:29.507313Z,407,DC01.pirate.htb,Microsoft-Windows-DNS-Server-Service,DNS Server,135,2,41270000,,,DNS_EVENT_CANNOT_BIND_UDP_SOCKET,10.10.11.85,,,
2025-07-29T04:08:29.507317Z,408,DC01.pirate.htb,Microsoft-Windows-DNS-Server-Service,DNS Server,136,2,,,,DNS_EVENT_OPEN_SOCKET_FOR_ADDRESS,10.10.11.85,,,
2025-07-29T04:08:29.507694Z,404,DC01.pirate.htb,Microsoft-Windows-DNS-Server-Service,DNS Server,137,2,41270000,,,DNS_EVENT_CANNOT_BIND_TCP_SOCKET,10.10.11.85,,,
2025-07-29T04:08:29.507696Z,408,DC01.pirate.htb,Microsoft-Windows-DNS-Server-Service,DNS Server,138,2,,,,DNS_EVENT_OPEN_SOCKET_FOR_ADDRESS,10.10.11.85,,,
2025-07-29T04:09:37.053431Z,3,DC01.pirate.htb,Microsoft-Windows-DNS-Server-Service,DNS Server,139,4,,DNS_EVENT_SHUTDOWN,,,,,,
2026-01-08T21:12:40.778051Z,7693,DC01.pirate.htb,Microsoft-Windows-DNS-Server-Service,DNS Server,140,4,,,,DNS_EVENT_SCOPE_EDNS_OPCODE_SET,65433,,,
2026-01-08T21:12:46.502582Z,4013,DC01.pirate.htb,Microsoft-Windows-DNS-Server-Service,DNS Server,141,3,,DNS_EVENT_DS_OPEN_WAIT,,,,,,
2026-01-08T21:13:01.060875Z,769,DC01.pirate.htb,Microsoft-Windows-DNS-Server-Service,DNS Server,142,4,,,.,DNS_EVENT_ZONE_LOAD_OK,_msdcs.pirate.htb,NULL,DC01.pirate.htb,
2026-01-08T21:13:01.075270Z,769,DC01.pirate.htb,Microsoft-Windows-DNS-Server-Service,DNS Server,143,4,,,.,DNS_EVENT_ZONE_LOAD_OK,pirate.htb,NULL,DC01.pirate.htb,
2026-01-08T21:13:01.077405Z,769,DC01.pirate.htb,Microsoft-Windows-DNS-Server-Service,DNS Server,144,4,,,.,DNS_EVENT_ZONE_LOAD_OK,TrustAnchors,NULL,DC01.pirate.htb,
2026-01-08T21:13:01.087774Z,7648,DC01.pirate.htb,Microsoft-Windows-DNS-Server-Service,DNS Server,145,4,,,,DNS_EVENT_DNSSEC_KEYMASTER_CHANGE_DETECTED,pirate.htb,DC01.pirate.htb,,
2026-01-08T21:13:01.290867Z,2,DC01.pirate.htb,Microsoft-Windows-DNS-Server-Service,DNS Server,146,4,,DNS_EVENT_STARTUP_OK,,,,,,
2026-01-08T21:13:01.614884Z,4,DC01.pirate.htb,Microsoft-Windows-DNS-Server-Service,DNS Server,147,4,,DNS_EVENT_ZONE_LOAD_COMPLETE,,,,,,
2026-01-08T21:18:41.393145Z,3,DC01.pirate.htb,Microsoft-Windows-DNS-Server-Service,DNS Server,148,4,,DNS_EVENT_SHUTDOWN,,,,,,
2026-01-16T00:35:10.505414Z,7693,DC01.pirate.htb,Microsoft-Windows-DNS-Server-Service,DNS Server,149,4,,,,DNS_EVENT_SCOPE_EDNS_OPCODE_SET,65433,,,
2026-01-16T00:35:15.967523Z,4013,DC01.pirate.htb,Microsoft-Windows-DNS-Server-Service,DNS Server,150,3,,DNS_EVENT_DS_OPEN_WAIT,,,,,,
2026-01-16T00:35:29.425016Z,769,DC01.pirate.htb,Microsoft-Windows-DNS-Server-Service,DNS Server,151,4,,,.,DNS_EVENT_ZONE_LOAD_OK,_msdcs.pirate.htb,NULL,DC01.pirate.htb,
2026-01-16T00:35:29.437281Z,769,DC01.pirate.htb,Microsoft-Windows-DNS-Server-Service,DNS Server,152,4,,,.,DNS_EVENT_ZONE_LOAD_OK,pirate.htb,NULL,DC01.pirate.htb,
2026-01-16T00:35:29.439411Z,769,DC01.pirate.htb,Microsoft-Windows-DNS-Server-Service,DNS Server,153,4,,,.,DNS_EVENT_ZONE_LOAD_OK,TrustAnchors,NULL,DC01.pirate.htb,
2026-01-16T00:35:29.443869Z,7648,DC01.pirate.htb,Microsoft-Windows-DNS-Server-Service,DNS Server,154,4,,,,DNS_EVENT_DNSSEC_KEYMASTER_CHANGE_DETECTED,pirate.htb,DC01.pirate.htb,,
2026-01-16T00:35:29.458786Z,2,DC01.pirate.htb,Microsoft-Windows-DNS-Server-Service,DNS Server,155,4,,DNS_EVENT_STARTUP_OK,,,,,,
2026-01-16T00:35:30.019557Z,4,DC01.pirate.htb,Microsoft-Windows-DNS-Server-Service,DNS Server,156,4,,DNS_EVENT_ZONE_LOAD_COMPLETE,,,,,,
2026-01-16T01:11:13.695313Z,3,DC01.pirate.htb,Microsoft-Windows-DNS-Server-Service,DNS Server,157,4,,DNS_EVENT_SHUTDOWN,,,,,,
2026-01-16T01:11:48.923047Z,7693,DC01.pirate.htb,Microsoft-Windows-DNS-Server-Service,DNS Server,158,4,,,,DNS_EVENT_SCOPE_EDNS_OPCODE_SET,65433,,,
2026-01-16T01:11:54.643894Z,4013,DC01.pirate.htb,Microsoft-Windows-DNS-Server-Service,DNS Server,159,3,,DNS_EVENT_DS_OPEN_WAIT,,,,,,
2026-01-16T01:12:15.600423Z,769,DC01.pirate.htb,Microsoft-Windows-DNS-Server-Service,DNS Server,160,4,,,.,DNS_EVENT_ZONE_LOAD_OK,_msdcs.pirate.htb,NULL,DC01.pirate.htb,
2026-01-16T01:12:15.607099Z,769,DC01.pirate.htb,Microsoft-Windows-DNS-Server-Service,DNS Server,161,4,,,.,DNS_EVENT_ZONE_LOAD_OK,pirate.htb,NULL,DC01.pirate.htb,
2026-01-16T01:12:15.608111Z,769,DC01.pirate.htb,Microsoft-Windows-DNS-Server-Service,DNS Server,162,4,,,.,DNS_EVENT_ZONE_LOAD_OK,TrustAnchors,NULL,DC01.pirate.htb,
2026-01-16T01:12:15.610917Z,7648,DC01.pirate.htb,Microsoft-Windows-DNS-Server-Service,DNS Server,163,4,,,,DNS_EVENT_DNSSEC_KEYMASTER_CHANGE_DETECTED,pirate.htb,DC01.pirate.htb,,
2026-01-16T01:12:15.704329Z,2,DC01.pirate.htb,Microsoft-Windows-DNS-Server-Service,DNS Server,164,4,,DNS_EVENT_STARTUP_OK,,,,,,
2026-01-16T01:12:16.119007Z,4,DC01.pirate.htb,Microsoft-Windows-DNS-Server-Service,DNS Server,165,4,,DNS_EVENT_ZONE_LOAD_COMPLETE,,,,,,
2026-01-16T01:22:28.982492Z,3,DC01.pirate.htb,Microsoft-Windows-DNS-Server-Service,DNS Server,166,4,,DNS_EVENT_SHUTDOWN,,,,,,
2026-01-16T01:31:38.051699Z,7693,DC01.pirate.htb,Microsoft-Windows-DNS-Server-Service,DNS Server,167,4,,,,DNS_EVENT_SCOPE_EDNS_OPCODE_SET,65433,,,
2026-01-16T01:31:43.884775Z,4013,DC01.pirate.htb,Microsoft-Windows-DNS-Server-Service,DNS Server,168,3,,DNS_EVENT_DS_OPEN_WAIT,,,,,,
2026-01-16T01:32:01.719701Z,769,DC01.pirate.htb,Microsoft-Windows-DNS-Server-Service,DNS Server,169,4,,,.,DNS_EVENT_ZONE_LOAD_OK,_msdcs.pirate.htb,NULL,DC01.pirate.htb,
2026-01-16T01:32:01.745349Z,769,DC01.pirate.htb,Microsoft-Windows-DNS-Server-Service,DNS Server,170,4,,,.,DNS_EVENT_ZONE_LOAD_OK,pirate.htb,NULL,DC01.pirate.htb,
2026-01-16T01:32:01.747741Z,769,DC01.pirate.htb,Microsoft-Windows-DNS-Server-Service,DNS Server,171,4,,,.,DNS_EVENT_ZONE_LOAD_OK,TrustAnchors,NULL,DC01.pirate.htb,
2026-01-16T01:32:01.754473Z,7648,DC01.pirate.htb,Microsoft-Windows-DNS-Server-Service,DNS Server,172,4,,,,DNS_EVENT_DNSSEC_KEYMASTER_CHANGE_DETECTED,pirate.htb,DC01.pirate.htb,,
2026-01-16T01:32:01.897290Z,2,DC01.pirate.htb,Microsoft-Windows-DNS-Server-Service,DNS Server,173,4,,DNS_EVENT_STARTUP_OK,,,,,,
2026-01-16T01:32:02.274345Z,4,DC01.pirate.htb,Microsoft-Windows-DNS-Server-Service,DNS Server,174,4,,DNS_EVENT_ZONE_LOAD_COMPLETE,,,,,,
2026-01-16T01:33:18.670398Z,3,DC01.pirate.htb,Microsoft-Windows-DNS-Server-Service,DNS Server,175,4,,DNS_EVENT_SHUTDOWN,,,,,,
2026-01-16T01:38:58.885375Z,7693,DC01.pirate.htb,Microsoft-Windows-DNS-Server-Service,DNS Server,176,4,,,,DNS_EVENT_SCOPE_EDNS_OPCODE_SET,65433,,,
2026-01-16T01:39:04.792093Z,4013,DC01.pirate.htb,Microsoft-Windows-DNS-Server-Service,DNS Server,177,3,,DNS_EVENT_DS_OPEN_WAIT,,,,,,
2026-01-16T01:39:22.303334Z,769,DC01.pirate.htb,Microsoft-Windows-DNS-Server-Service,DNS Server,178,4,,,.,DNS_EVENT_ZONE_LOAD_OK,_msdcs.pirate.htb,NULL,DC01.pirate.htb,
2026-01-16T01:39:22.310074Z,769,DC01.pirate.htb,Microsoft-Windows-DNS-Server-Service,DNS Server,179,4,,,.,DNS_EVENT_ZONE_LOAD_OK,pirate.htb,NULL,DC01.pirate.htb,
2026-01-16T01:39:22.312645Z,769,DC01.pirate.htb,Microsoft-Windows-DNS-Server-Service,DNS Server,180,4,,,.,DNS_EVENT_ZONE_LOAD_OK,TrustAnchors,NULL,DC01.pirate.htb,
2026-01-16T01:39:22.317936Z,7648,DC01.pirate.htb,Microsoft-Windows-DNS-Server-Service,DNS Server,181,4,,,,DNS_EVENT_DNSSEC_KEYMASTER_CHANGE_DETECTED,pirate.htb,DC01.pirate.htb,,
2026-01-16T01:39:22.470676Z,2,DC01.pirate.htb,Microsoft-Windows-DNS-Server-Service,DNS Server,182,4,,DNS_EVENT_STARTUP_OK,,,,,,
2026-01-16T01:39:22.836953Z,4,DC01.pirate.htb,Microsoft-Windows-DNS-Server-Service,DNS Server,183,4,,DNS_EVENT_ZONE_LOAD_COMPLETE,,,,,,
2026-01-16T03:23:12.787697Z,3,DC01.pirate.htb,Microsoft-Windows-DNS-Server-Service,DNS Server,184,4,,DNS_EVENT_SHUTDOWN,,,,,,
2026-01-16T03:24:24.593754Z,7693,DC01.pirate.htb,Microsoft-Windows-DNS-Server-Service,DNS Server,185,4,,,,DNS_EVENT_SCOPE_EDNS_OPCODE_SET,65433,,,
2026-01-16T03:24:29.939547Z,4013,DC01.pirate.htb,Microsoft-Windows-DNS-Server-Service,DNS Server,186,3,,DNS_EVENT_DS_OPEN_WAIT,,,,,,
2026-01-16T03:25:09.357466Z,7693,DC01.pirate.htb,Microsoft-Windows-DNS-Server-Service,DNS Server,187,4,,,,DNS_EVENT_SCOPE_EDNS_OPCODE_SET,65433,,,
2026-01-16T03:25:14.772955Z,4013,DC01.pirate.htb,Microsoft-Windows-DNS-Server-Service,DNS Server,188,3,,DNS_EVENT_DS_OPEN_WAIT,,,,,,
2026-01-16T03:25:26.619206Z,769,DC01.pirate.htb,Microsoft-Windows-DNS-Server-Service,DNS Server,189,4,,,.,DNS_EVENT_ZONE_LOAD_OK,_msdcs.pirate.htb,NULL,DC01.pirate.htb,
2026-01-16T03:25:26.624361Z,769,DC01.pirate.htb,Microsoft-Windows-DNS-Server-Service,DNS Server,190,4,,,.,DNS_EVENT_ZONE_LOAD_OK,pirate.htb,NULL,DC01.pirate.htb,
2026-01-16T03:25:26.626295Z,769,DC01.pirate.htb,Microsoft-Windows-DNS-Server-Service,DNS Server,191,4,,,.,DNS_EVENT_ZONE_LOAD_OK,TrustAnchors,NULL,DC01.pirate.htb,
2026-01-16T03:25:26.631026Z,7648,DC01.pirate.htb,Microsoft-Windows-DNS-Server-Service,DNS Server,192,4,,,,DNS_EVENT_DNSSEC_KEYMASTER_CHANGE_DETECTED,pirate.htb,DC01.pirate.htb,,
2026-01-16T03:25:26.765737Z,2,DC01.pirate.htb,Microsoft-Windows-DNS-Server-Service,DNS Server,193,4,,DNS_EVENT_STARTUP_OK,,,,,,
2026-01-16T03:25:27.196484Z,4,DC01.pirate.htb,Microsoft-Windows-DNS-Server-Service,DNS Server,194,4,,DNS_EVENT_ZONE_LOAD_COMPLETE,,,,,,
2026-01-16T03:27:41.030295Z,3,DC01.pirate.htb,Microsoft-Windows-DNS-Server-Service,DNS Server,195,4,,DNS_EVENT_SHUTDOWN,,,,,,
2026-01-16T03:30:20.346644Z,7693,DC01.pirate.htb,Microsoft-Windows-DNS-Server-Service,DNS Server,196,4,,,,DNS_EVENT_SCOPE_EDNS_OPCODE_SET,65433,,,
2026-01-16T03:30:25.693017Z,4013,DC01.pirate.htb,Microsoft-Windows-DNS-Server-Service,DNS Server,197,3,,DNS_EVENT_DS_OPEN_WAIT,,,,,,
2026-01-16T03:30:40.681267Z,769,DC01.pirate.htb,Microsoft-Windows-DNS-Server-Service,DNS Server,198,4,,,.,DNS_EVENT_ZONE_LOAD_OK,_msdcs.pirate.htb,NULL,DC01.pirate.htb,
2026-01-16T03:30:40.687276Z,769,DC01.pirate.htb,Microsoft-Windows-DNS-Server-Service,DNS Server,199,4,,,.,DNS_EVENT_ZONE_LOAD_OK,pirate.htb,NULL,DC01.pirate.htb,
2026-01-16T03:30:40.689757Z,769,DC01.pirate.htb,Microsoft-Windows-DNS-Server-Service,DNS Server,200,4,,,.,DNS_EVENT_ZONE_LOAD_OK,TrustAnchors,NULL,DC01.pirate.htb,
2026-01-16T03:30:40.696357Z,7648,DC01.pirate.htb,Microsoft-Windows-DNS-Server-Service,DNS Server,201,4,,,,DNS_EVENT_DNSSEC_KEYMASTER_CHANGE_DETECTED,pirate.htb,DC01.pirate.htb,,
2026-01-16T03:30:40.848298Z,2,DC01.pirate.htb,Microsoft-Windows-DNS-Server-Service,DNS Server,202,4,,DNS_EVENT_STARTUP_OK,,,,,,
2026-01-16T03:30:41.218873Z,4,DC01.pirate.htb,Microsoft-Windows-DNS-Server-Service,DNS Server,203,4,,DNS_EVENT_ZONE_LOAD_COMPLETE,,,,,,
2026-01-16T05:48:22.388835Z,3,DC01.pirate.htb,Microsoft-Windows-DNS-Server-Service,DNS Server,204,4,,DNS_EVENT_SHUTDOWN,,,,,,
2026-01-16T05:49:06.056640Z,7693,DC01.pirate.htb,Microsoft-Windows-DNS-Server-Service,DNS Server,205,4,,,,DNS_EVENT_SCOPE_EDNS_OPCODE_SET,65433,,,
2026-01-16T05:49:11.814457Z,4013,DC01.pirate.htb,Microsoft-Windows-DNS-Server-Service,DNS Server,206,3,,DNS_EVENT_DS_OPEN_WAIT,,,,,,
2026-01-16T05:49:22.788792Z,769,DC01.pirate.htb,Microsoft-Windows-DNS-Server-Service,DNS Server,207,4,,,.,DNS_EVENT_ZONE_LOAD_OK,_msdcs.pirate.htb,NULL,DC01.pirate.htb,
2026-01-16T05:49:22.798113Z,769,DC01.pirate.htb,Microsoft-Windows-DNS-Server-Service,DNS Server,208,4,,,.,DNS_EVENT_ZONE_LOAD_OK,pirate.htb,NULL,DC01.pirate.htb,
2026-01-16T05:49:22.799916Z,769,DC01.pirate.htb,Microsoft-Windows-DNS-Server-Service,DNS Server,209,4,,,.,DNS_EVENT_ZONE_LOAD_OK,TrustAnchors,NULL,DC01.pirate.htb,
2026-01-16T05:49:22.804554Z,7648,DC01.pirate.htb,Microsoft-Windows-DNS-Server-Service,DNS Server,210,4,,,,DNS_EVENT_DNSSEC_KEYMASTER_CHANGE_DETECTED,pirate.htb,DC01.pirate.htb,,
2026-01-16T05:49:22.996544Z,2,DC01.pirate.htb,Microsoft-Windows-DNS-Server-Service,DNS Server,211,4,,DNS_EVENT_STARTUP_OK,,,,,,
2026-01-16T05:49:23.331319Z,4,DC01.pirate.htb,Microsoft-Windows-DNS-Server-Service,DNS Server,212,4,,DNS_EVENT_ZONE_LOAD_COMPLETE,,,,,,
2026-01-16T05:49:27.014020Z,4015,DC01.pirate.htb,Microsoft-Windows-DNS-Server-Service,DNS Server,213,2,51000000,,,DNS_EVENT_DS_INTERFACE_ERROR,,,,
2026-01-16T05:49:27.016615Z,3,DC01.pirate.htb,Microsoft-Windows-DNS-Server-Service,DNS Server,214,4,,DNS_EVENT_SHUTDOWN,,,,,,
2026-01-16T05:50:04.928312Z,7693,DC01.pirate.htb,Microsoft-Windows-DNS-Server-Service,DNS Server,215,4,,,,DNS_EVENT_SCOPE_EDNS_OPCODE_SET,65433,,,
2026-01-16T05:50:10.240503Z,4013,DC01.pirate.htb,Microsoft-Windows-DNS-Server-Service,DNS Server,216,3,,DNS_EVENT_DS_OPEN_WAIT,,,,,,
2026-01-16T05:50:22.316454Z,769,DC01.pirate.htb,Microsoft-Windows-DNS-Server-Service,DNS Server,217,4,,,.,DNS_EVENT_ZONE_LOAD_OK,_msdcs.pirate.htb,NULL,DC01.pirate.htb,
2026-01-16T05:50:22.324048Z,769,DC01.pirate.htb,Microsoft-Windows-DNS-Server-Service,DNS Server,218,4,,,.,DNS_EVENT_ZONE_LOAD_OK,pirate.htb,NULL,DC01.pirate.htb,
2026-01-16T05:50:22.325913Z,769,DC01.pirate.htb,Microsoft-Windows-DNS-Server-Service,DNS Server,219,4,,,.,DNS_EVENT_ZONE_LOAD_OK,TrustAnchors,NULL,DC01.pirate.htb,
2026-01-16T05:50:22.332371Z,7648,DC01.pirate.htb,Microsoft-Windows-DNS-Server-Service,DNS Server,220,4,,,,DNS_EVENT_DNSSEC_KEYMASTER_CHANGE_DETECTED,pirate.htb,DC01.pirate.htb,,
2026-01-16T05:50:22.464559Z,2,DC01.pirate.htb,Microsoft-Windows-DNS-Server-Service,DNS Server,221,4,,DNS_EVENT_STARTUP_OK,,,,,,
2026-01-16T05:50:22.860414Z,4,DC01.pirate.htb,Microsoft-Windows-DNS-Server-Service,DNS Server,222,4,,DNS_EVENT_ZONE_LOAD_COMPLETE,,,,,,
2026-01-16T08:04:41.347586Z,3,DC01.pirate.htb,Microsoft-Windows-DNS-Server-Service,DNS Server,223,4,,DNS_EVENT_SHUTDOWN,,,,,,
2026-01-16T08:07:29.975349Z,7693,DC01.pirate.htb,Microsoft-Windows-DNS-Server-Service,DNS Server,224,4,,,,DNS_EVENT_SCOPE_EDNS_OPCODE_SET,65433,,,
2026-01-16T08:07:35.302040Z,4013,DC01.pirate.htb,Microsoft-Windows-DNS-Server-Service,DNS Server,225,3,,DNS_EVENT_DS_OPEN_WAIT,,,,,,
2026-01-16T08:07:53.388911Z,769,DC01.pirate.htb,Microsoft-Windows-DNS-Server-Service,DNS Server,226,4,,,.,DNS_EVENT_ZONE_LOAD_OK,_msdcs.pirate.htb,NULL,DC01.pirate.htb,
2026-01-16T08:07:53.401465Z,769,DC01.pirate.htb,Microsoft-Windows-DNS-Server-Service,DNS Server,227,4,,,.,DNS_EVENT_ZONE_LOAD_OK,pirate.htb,NULL,DC01.pirate.htb,
2026-01-16T08:07:53.403425Z,769,DC01.pirate.htb,Microsoft-Windows-DNS-Server-Service,DNS Server,228,4,,,.,DNS_EVENT_ZONE_LOAD_OK,TrustAnchors,NULL,DC01.pirate.htb,
2026-01-16T08:07:53.415694Z,7648,DC01.pirate.htb,Microsoft-Windows-DNS-Server-Service,DNS Server,229,4,,,,DNS_EVENT_DNSSEC_KEYMASTER_CHANGE_DETECTED,pirate.htb,DC01.pirate.htb,,
2026-01-16T08:07:53.576735Z,2,DC01.pirate.htb,Microsoft-Windows-DNS-Server-Service,DNS Server,230,4,,DNS_EVENT_STARTUP_OK,,,,,,
2026-01-16T08:07:53.947303Z,4,DC01.pirate.htb,Microsoft-Windows-DNS-Server-Service,DNS Server,231,4,,DNS_EVENT_ZONE_LOAD_COMPLETE,,,,,,
2026-01-16T08:41:26.932774Z,3,DC01.pirate.htb,Microsoft-Windows-DNS-Server-Service,DNS Server,232,4,,DNS_EVENT_SHUTDOWN,,,,,,
2026-01-16T08:50:27.987047Z,7693,DC01.pirate.htb,Microsoft-Windows-DNS-Server-Service,DNS Server,233,4,,,,DNS_EVENT_SCOPE_EDNS_OPCODE_SET,65433,,,
2026-01-16T08:50:33.515353Z,4013,DC01.pirate.htb,Microsoft-Windows-DNS-Server-Service,DNS Server,234,3,,DNS_EVENT_DS_OPEN_WAIT,,,,,,
2026-01-16T08:50:51.428439Z,769,DC01.pirate.htb,Microsoft-Windows-DNS-Server-Service,DNS Server,235,4,,,.,DNS_EVENT_ZONE_LOAD_OK,_msdcs.pirate.htb,NULL,DC01.pirate.htb,
2026-01-16T08:50:51.444386Z,769,DC01.pirate.htb,Microsoft-Windows-DNS-Server-Service,DNS Server,236,4,,,.,DNS_EVENT_ZONE_LOAD_OK,pirate.htb,NULL,DC01.pirate.htb,
2026-01-16T08:50:51.451361Z,769,DC01.pirate.htb,Microsoft-Windows-DNS-Server-Service,DNS Server,237,4,,,.,DNS_EVENT_ZONE_LOAD_OK,TrustAnchors,NULL,DC01.pirate.htb,
2026-01-16T08:50:51.456205Z,7648,DC01.pirate.htb,Microsoft-Windows-DNS-Server-Service,DNS Server,238,4,,,,DNS_EVENT_DNSSEC_KEYMASTER_CHANGE_DETECTED,pirate.htb,DC01.pirate.htb,,
2026-01-16T08:50:51.614957Z,2,DC01.pirate.htb,Microsoft-Windows-DNS-Server-Service,DNS Server,239,4,,DNS_EVENT_STARTUP_OK,,,,,,
2026-01-16T08:50:51.983238Z,4,DC01.pirate.htb,Microsoft-Windows-DNS-Server-Service,DNS Server,240,4,,DNS_EVENT_ZONE_LOAD_COMPLETE,,,,,,
2026-01-16T08:52:21.078614Z,3,DC01.pirate.htb,Microsoft-Windows-DNS-Server-Service,DNS Server,241,4,,DNS_EVENT_SHUTDOWN,,,,,,
2026-01-16T09:04:53.091995Z,7693,DC01.pirate.htb,Microsoft-Windows-DNS-Server-Service,DNS Server,242,4,,,,DNS_EVENT_SCOPE_EDNS_OPCODE_SET,65433,,,
2026-01-16T09:04:58.648323Z,4013,DC01.pirate.htb,Microsoft-Windows-DNS-Server-Service,DNS Server,243,3,,DNS_EVENT_DS_OPEN_WAIT,,,,,,
2026-01-16T09:05:16.553698Z,769,DC01.pirate.htb,Microsoft-Windows-DNS-Server-Service,DNS Server,244,4,,,.,DNS_EVENT_ZONE_LOAD_OK,_msdcs.pirate.htb,NULL,DC01.pirate.htb,
2026-01-16T09:05:16.559992Z,769,DC01.pirate.htb,Microsoft-Windows-DNS-Server-Service,DNS Server,245,4,,,.,DNS_EVENT_ZONE_LOAD_OK,pirate.htb,NULL,DC01.pirate.htb,
2026-01-16T09:05:16.561434Z,769,DC01.pirate.htb,Microsoft-Windows-DNS-Server-Service,DNS Server,246,4,,,.,DNS_EVENT_ZONE_LOAD_OK,TrustAnchors,NULL,DC01.pirate.htb,
2026-01-16T09:05:16.567325Z,7648,DC01.pirate.htb,Microsoft-Windows-DNS-Server-Service,DNS Server,247,4,,,,DNS_EVENT_DNSSEC_KEYMASTER_CHANGE_DETECTED,pirate.htb,DC01.pirate.htb,,
2026-01-16T09:05:16.703778Z,2,DC01.pirate.htb,Microsoft-Windows-DNS-Server-Service,DNS Server,248,4,,DNS_EVENT_STARTUP_OK,,,,,,
2026-01-16T09:05:17.084224Z,4,DC01.pirate.htb,Microsoft-Windows-DNS-Server-Service,DNS Server,249,4,,DNS_EVENT_ZONE_LOAD_COMPLETE,,,,,,
2026-01-16T09:06:08.269673Z,3,DC01.pirate.htb,Microsoft-Windows-DNS-Server-Service,DNS Server,250,4,,DNS_EVENT_SHUTDOWN,,,,,,
2026-01-22T23:20:58.158697Z,7693,DC01.pirate.htb,Microsoft-Windows-DNS-Server-Service,DNS Server,251,4,,,,DNS_EVENT_SCOPE_EDNS_OPCODE_SET,65433,,,
2026-01-22T23:21:04.031034Z,4013,DC01.pirate.htb,Microsoft-Windows-DNS-Server-Service,DNS Server,252,3,,DNS_EVENT_DS_OPEN_WAIT,,,,,,
2026-01-22T23:21:21.590259Z,769,DC01.pirate.htb,Microsoft-Windows-DNS-Server-Service,DNS Server,253,4,,,.,DNS_EVENT_ZONE_LOAD_OK,_msdcs.pirate.htb,NULL,DC01.pirate.htb,
2026-01-22T23:21:21.597430Z,769,DC01.pirate.htb,Microsoft-Windows-DNS-Server-Service,DNS Server,254,4,,,.,DNS_EVENT_ZONE_LOAD_OK,pirate.htb,NULL,DC01.pirate.htb,
2026-01-22T23:21:21.599121Z,769,DC01.pirate.htb,Microsoft-Windows-DNS-Server-Service,DNS Server,255,4,,,.,DNS_EVENT_ZONE_LOAD_OK,TrustAnchors,NULL,DC01.pirate.htb,
2026-01-22T23:21:21.605031Z,7648,DC01.pirate.htb,Microsoft-Windows-DNS-Server-Service,DNS Server,256,4,,,,DNS_EVENT_DNSSEC_KEYMASTER_CHANGE_DETECTED,pirate.htb,DC01.pirate.htb,,
2026-01-22T23:21:21.796494Z,2,DC01.pirate.htb,Microsoft-Windows-DNS-Server-Service,DNS Server,257,4,,DNS_EVENT_STARTUP_OK,,,,,,
2026-01-22T23:21:22.128082Z,4,DC01.pirate.htb,Microsoft-Windows-DNS-Server-Service,DNS Server,258,4,,DNS_EVENT_ZONE_LOAD_COMPLETE,,,,,,
2026-01-22T23:44:27.842281Z,3,DC01.pirate.htb,Microsoft-Windows-DNS-Server-Service,DNS Server,259,4,,DNS_EVENT_SHUTDOWN,,,,,,
2026-01-26T21:30:25.403519Z,7693,DC01.pirate.htb,Microsoft-Windows-DNS-Server-Service,DNS Server,260,4,,,,DNS_EVENT_SCOPE_EDNS_OPCODE_SET,65433,,,
2026-01-26T21:30:30.918164Z,4013,DC01.pirate.htb,Microsoft-Windows-DNS-Server-Service,DNS Server,261,3,,DNS_EVENT_DS_OPEN_WAIT,,,,,,
2026-01-26T21:30:49.361935Z,769,DC01.pirate.htb,Microsoft-Windows-DNS-Server-Service,DNS Server,262,4,,,.,DNS_EVENT_ZONE_LOAD_OK,_msdcs.pirate.htb,NULL,DC01.pirate.htb,
2026-01-26T21:30:49.370634Z,769,DC01.pirate.htb,Microsoft-Windows-DNS-Server-Service,DNS Server,263,4,,,.,DNS_EVENT_ZONE_LOAD_OK,pirate.htb,NULL,DC01.pirate.htb,
2026-01-26T21:30:49.372914Z,769,DC01.pirate.htb,Microsoft-Windows-DNS-Server-Service,DNS Server,264,4,,,.,DNS_EVENT_ZONE_LOAD_OK,TrustAnchors,NULL,DC01.pirate.htb,
2026-01-26T21:30:49.378247Z,7648,DC01.pirate.htb,Microsoft-Windows-DNS-Server-Service,DNS Server,265,4,,,,DNS_EVENT_DNSSEC_KEYMASTER_CHANGE_DETECTED,pirate.htb,DC01.pirate.htb,,
2026-01-26T21:30:49.709840Z,2,DC01.pirate.htb,Microsoft-Windows-DNS-Server-Service,DNS Server,266,4,,DNS_EVENT_STARTUP_OK,,,,,,
2026-01-26T21:30:49.895683Z,4,DC01.pirate.htb,Microsoft-Windows-DNS-Server-Service,DNS Server,267,4,,DNS_EVENT_ZONE_LOAD_COMPLETE,,,,,,
2026-01-26T21:42:04.862722Z,3,DC01.pirate.htb,Microsoft-Windows-DNS-Server-Service,DNS Server,268,4,,DNS_EVENT_SHUTDOWN,,,,,,
2026-01-26T21:43:14.343660Z,7693,DC01.pirate.htb,Microsoft-Windows-DNS-Server-Service,DNS Server,269,4,,,,DNS_EVENT_SCOPE_EDNS_OPCODE_SET,65433,,,
2026-01-26T21:43:19.841368Z,4013,DC01.pirate.htb,Microsoft-Windows-DNS-Server-Service,DNS Server,270,3,,DNS_EVENT_DS_OPEN_WAIT,,,,,,
2026-01-26T21:43:38.229208Z,769,DC01.pirate.htb,Microsoft-Windows-DNS-Server-Service,DNS Server,271,4,,,.,DNS_EVENT_ZONE_LOAD_OK,_msdcs.pirate.htb,NULL,DC01.pirate.htb,
2026-01-26T21:43:38.239166Z,769,DC01.pirate.htb,Microsoft-Windows-DNS-Server-Service,DNS Server,272,4,,,.,DNS_EVENT_ZONE_LOAD_OK,pirate.htb,NULL,DC01.pirate.htb,
2026-01-26T21:43:38.241317Z,769,DC01.pirate.htb,Microsoft-Windows-DNS-Server-Service,DNS Server,273,4,,,.,DNS_EVENT_ZONE_LOAD_OK,TrustAnchors,NULL,DC01.pirate.htb,
2026-01-26T21:43:38.248495Z,7648,DC01.pirate.htb,Microsoft-Windows-DNS-Server-Service,DNS Server,274,4,,,,DNS_EVENT_DNSSEC_KEYMASTER_CHANGE_DETECTED,pirate.htb,DC01.pirate.htb,,
2026-01-26T21:43:38.686561Z,2,DC01.pirate.htb,Microsoft-Windows-DNS-Server-Service,DNS Server,275,4,,DNS_EVENT_STARTUP_OK,,,,,,
2026-01-26T21:43:38.783261Z,4,DC01.pirate.htb,Microsoft-Windows-DNS-Server-Service,DNS Server,276,4,,DNS_EVENT_ZONE_LOAD_COMPLETE,,,,,,
2026-01-26T22:03:38.149648Z,3,DC01.pirate.htb,Microsoft-Windows-DNS-Server-Service,DNS Server,277,4,,DNS_EVENT_SHUTDOWN,,,,,,
2026-02-24T23:54:05.223611Z,7693,DC01.pirate.htb,Microsoft-Windows-DNS-Server-Service,DNS Server,278,4,,,,DNS_EVENT_SCOPE_EDNS_OPCODE_SET,65433,,,
2026-02-24T23:54:10.715352Z,4013,DC01.pirate.htb,Microsoft-Windows-DNS-Server-Service,DNS Server,279,3,,DNS_EVENT_DS_OPEN_WAIT,,,,,,
2026-02-24T23:54:25.508170Z,769,DC01.pirate.htb,Microsoft-Windows-DNS-Server-Service,DNS Server,280,4,,,.,DNS_EVENT_ZONE_LOAD_OK,_msdcs.pirate.htb,NULL,DC01.pirate.htb,
2026-02-24T23:54:25.513942Z,769,DC01.pirate.htb,Microsoft-Windows-DNS-Server-Service,DNS Server,281,4,,,.,DNS_EVENT_ZONE_LOAD_OK,pirate.htb,NULL,DC01.pirate.htb,
2026-02-24T23:54:25.515793Z,769,DC01.pirate.htb,Microsoft-Windows-DNS-Server-Service,DNS Server,282,4,,,.,DNS_EVENT_ZONE_LOAD_OK,TrustAnchors,NULL,DC01.pirate.htb,
2026-02-24T23:54:25.522381Z,7648,DC01.pirate.htb,Microsoft-Windows-DNS-Server-Service,DNS Server,283,4,,,,DNS_EVENT_DNSSEC_KEYMASTER_CHANGE_DETECTED,pirate.htb,DC01.pirate.htb,,
2026-02-24T23:54:25.733317Z,2,DC01.pirate.htb,Microsoft-Windows-DNS-Server-Service,DNS Server,284,4,,DNS_EVENT_STARTUP_OK,,,,,,
2026-02-24T23:54:26.040425Z,4,DC01.pirate.htb,Microsoft-Windows-DNS-Server-Service,DNS Server,285,4,,DNS_EVENT_ZONE_LOAD_COMPLETE,,,,,,
2026-02-25T00:27:34.421102Z,3,DC01.pirate.htb,Microsoft-Windows-DNS-Server-Service,DNS Server,286,4,,DNS_EVENT_SHUTDOWN,,,,,,
2026-02-25T00:28:15.131142Z,7693,DC01.pirate.htb,Microsoft-Windows-DNS-Server-Service,DNS Server,287,4,,,,DNS_EVENT_SCOPE_EDNS_OPCODE_SET,65433,,,
2026-02-25T00:28:20.775454Z,4013,DC01.pirate.htb,Microsoft-Windows-DNS-Server-Service,DNS Server,288,3,,DNS_EVENT_DS_OPEN_WAIT,,,,,,
2026-02-25T00:28:35.311485Z,769,DC01.pirate.htb,Microsoft-Windows-DNS-Server-Service,DNS Server,289,4,,,.,DNS_EVENT_ZONE_LOAD_OK,_msdcs.pirate.htb,NULL,DC01.pirate.htb,
2026-02-25T00:28:35.317356Z,769,DC01.pirate.htb,Microsoft-Windows-DNS-Server-Service,DNS Server,290,4,,,.,DNS_EVENT_ZONE_LOAD_OK,pirate.htb,NULL,DC01.pirate.htb,
2026-02-25T00:28:35.319402Z,769,DC01.pirate.htb,Microsoft-Windows-DNS-Server-Service,DNS Server,291,4,,,.,DNS_EVENT_ZONE_LOAD_OK,TrustAnchors,NULL,DC01.pirate.htb,
2026-02-25T00:28:35.325515Z,7648,DC01.pirate.htb,Microsoft-Windows-DNS-Server-Service,DNS Server,292,4,,,,DNS_EVENT_DNSSEC_KEYMASTER_CHANGE_DETECTED,pirate.htb,DC01.pirate.htb,,
2026-02-25T00:28:35.565837Z,2,DC01.pirate.htb,Microsoft-Windows-DNS-Server-Service,DNS Server,293,4,,DNS_EVENT_STARTUP_OK,,,,,,
2026-02-25T00:28:35.850881Z,4,DC01.pirate.htb,Microsoft-Windows-DNS-Server-Service,DNS Server,294,4,,DNS_EVENT_ZONE_LOAD_COMPLETE,,,,,,
2026-02-25T00:29:03.220493Z,3,DC01.pirate.htb,Microsoft-Windows-DNS-Server-Service,DNS Server,295,4,,DNS_EVENT_SHUTDOWN,,,,,,
2026-02-25T00:29:49.278310Z,7693,DC01.pirate.htb,Microsoft-Windows-DNS-Server-Service,DNS Server,296,4,,,,DNS_EVENT_SCOPE_EDNS_OPCODE_SET,65433,,,
2026-02-25T00:29:55.119312Z,4013,DC01.pirate.htb,Microsoft-Windows-DNS-Server-Service,DNS Server,297,3,,DNS_EVENT_DS_OPEN_WAIT,,,,,,
2026-02-25T00:30:06.555759Z,769,DC01.pirate.htb,Microsoft-Windows-DNS-Server-Service,DNS Server,298,4,,,.,DNS_EVENT_ZONE_LOAD_OK,_msdcs.pirate.htb,NULL,DC01.pirate.htb,
2026-02-25T00:30:06.561033Z,769,DC01.pirate.htb,Microsoft-Windows-DNS-Server-Service,DNS Server,299,4,,,.,DNS_EVENT_ZONE_LOAD_OK,pirate.htb,NULL,DC01.pirate.htb,
2026-02-25T00:30:06.562712Z,769,DC01.pirate.htb,Microsoft-Windows-DNS-Server-Service,DNS Server,300,4,,,.,DNS_EVENT_ZONE_LOAD_OK,TrustAnchors,NULL,DC01.pirate.htb,
2026-02-25T00:30:06.568149Z,7648,DC01.pirate.htb,Microsoft-Windows-DNS-Server-Service,DNS Server,301,4,,,,DNS_EVENT_DNSSEC_KEYMASTER_CHANGE_DETECTED,pirate.htb,DC01.pirate.htb,,
2026-02-25T00:30:06.724800Z,2,DC01.pirate.htb,Microsoft-Windows-DNS-Server-Service,DNS Server,302,4,,DNS_EVENT_STARTUP_OK,,,,,,
2026-02-25T00:30:07.089912Z,4,DC01.pirate.htb,Microsoft-Windows-DNS-Server-Service,DNS Server,303,4,,DNS_EVENT_ZONE_LOAD_COMPLETE,,,,,,
2026-02-25T01:29:53.143866Z,3,DC01.pirate.htb,Microsoft-Windows-DNS-Server-Service,DNS Server,304,4,,DNS_EVENT_SHUTDOWN,,,,,,
2026-02-25T01:31:11.939196Z,7693,DC01.pirate.htb,Microsoft-Windows-DNS-Server-Service,DNS Server,305,4,,,,DNS_EVENT_SCOPE_EDNS_OPCODE_SET,65433,,,
2026-02-25T01:31:17.608818Z,4013,DC01.pirate.htb,Microsoft-Windows-DNS-Server-Service,DNS Server,306,3,,DNS_EVENT_DS_OPEN_WAIT,,,,,,
2026-02-25T01:31:32.531119Z,769,DC01.pirate.htb,Microsoft-Windows-DNS-Server-Service,DNS Server,307,4,,,.,DNS_EVENT_ZONE_LOAD_OK,_msdcs.pirate.htb,NULL,DC01.pirate.htb,
2026-02-25T01:31:32.561563Z,769,DC01.pirate.htb,Microsoft-Windows-DNS-Server-Service,DNS Server,308,4,,,.,DNS_EVENT_ZONE_LOAD_OK,pirate.htb,NULL,DC01.pirate.htb,
2026-02-25T01:31:32.569044Z,769,DC01.pirate.htb,Microsoft-Windows-DNS-Server-Service,DNS Server,309,4,,,.,DNS_EVENT_ZONE_LOAD_OK,TrustAnchors,NULL,DC01.pirate.htb,
2026-02-25T01:31:32.582019Z,7648,DC01.pirate.htb,Microsoft-Windows-DNS-Server-Service,DNS Server,310,4,,,,DNS_EVENT_DNSSEC_KEYMASTER_CHANGE_DETECTED,pirate.htb,DC01.pirate.htb,,
2026-02-25T01:31:32.913843Z,2,DC01.pirate.htb,Microsoft-Windows-DNS-Server-Service,DNS Server,311,4,,DNS_EVENT_STARTUP_OK,,,,,,
2026-02-25T01:31:33.127109Z,4,DC01.pirate.htb,Microsoft-Windows-DNS-Server-Service,DNS Server,312,4,,DNS_EVENT_ZONE_LOAD_COMPLETE,,,,,,
2026-02-25T02:29:42.403459Z,3,DC01.pirate.htb,Microsoft-Windows-DNS-Server-Service,DNS Server,313,4,,DNS_EVENT_SHUTDOWN,,,,,,
2026-02-25T02:31:10.728391Z,7693,DC01.pirate.htb,Microsoft-Windows-DNS-Server-Service,DNS Server,314,4,,,,DNS_EVENT_SCOPE_EDNS_OPCODE_SET,65433,,,
2026-02-25T02:31:16.045356Z,4013,DC01.pirate.htb,Microsoft-Windows-DNS-Server-Service,DNS Server,315,3,,DNS_EVENT_DS_OPEN_WAIT,,,,,,
2026-02-25T02:31:30.970279Z,769,DC01.pirate.htb,Microsoft-Windows-DNS-Server-Service,DNS Server,316,4,,,.,DNS_EVENT_ZONE_LOAD_OK,_msdcs.pirate.htb,NULL,DC01.pirate.htb,
2026-02-25T02:31:30.976328Z,769,DC01.pirate.htb,Microsoft-Windows-DNS-Server-Service,DNS Server,317,4,,,.,DNS_EVENT_ZONE_LOAD_OK,pirate.htb,NULL,DC01.pirate.htb,
2026-02-25T02:31:30.979472Z,769,DC01.pirate.htb,Microsoft-Windows-DNS-Server-Service,DNS Server,318,4,,,.,DNS_EVENT_ZONE_LOAD_OK,TrustAnchors,NULL,DC01.pirate.htb,
2026-02-25T02:31:30.986634Z,7648,DC01.pirate.htb,Microsoft-Windows-DNS-Server-Service,DNS Server,319,4,,,,DNS_EVENT_DNSSEC_KEYMASTER_CHANGE_DETECTED,pirate.htb,DC01.pirate.htb,,
2026-02-25T02:31:31.144116Z,2,DC01.pirate.htb,Microsoft-Windows-DNS-Server-Service,DNS Server,320,4,,DNS_EVENT_STARTUP_OK,,,,,,
2026-02-25T02:31:31.504370Z,4,DC01.pirate.htb,Microsoft-Windows-DNS-Server-Service,DNS Server,321,4,,DNS_EVENT_ZONE_LOAD_COMPLETE,,,,,,
2026-02-25T02:51:28.834590Z,3,DC01.pirate.htb,Microsoft-Windows-DNS-Server-Service,DNS Server,322,4,,DNS_EVENT_SHUTDOWN,,,,,,
2026-02-25T03:51:39.720920Z,7693,DC01.pirate.htb,Microsoft-Windows-DNS-Server-Service,DNS Server,323,4,,,,DNS_EVENT_SCOPE_EDNS_OPCODE_SET,65433,,,
2026-02-25T03:51:45.395714Z,4013,DC01.pirate.htb,Microsoft-Windows-DNS-Server-Service,DNS Server,324,3,,DNS_EVENT_DS_OPEN_WAIT,,,,,,
2026-02-25T03:51:56.740919Z,769,DC01.pirate.htb,Microsoft-Windows-DNS-Server-Service,DNS Server,325,4,,,.,DNS_EVENT_ZONE_LOAD_OK,_msdcs.pirate.htb,NULL,DC01.pirate.htb,
2026-02-25T03:51:56.781151Z,769,DC01.pirate.htb,Microsoft-Windows-DNS-Server-Service,DNS Server,326,4,,,.,DNS_EVENT_ZONE_LOAD_OK,pirate.htb,NULL,DC01.pirate.htb,
2026-02-25T03:51:56.783315Z,769,DC01.pirate.htb,Microsoft-Windows-DNS-Server-Service,DNS Server,327,4,,,.,DNS_EVENT_ZONE_LOAD_OK,TrustAnchors,NULL,DC01.pirate.htb,
2026-02-25T03:51:56.789161Z,7648,DC01.pirate.htb,Microsoft-Windows-DNS-Server-Service,DNS Server,328,4,,,,DNS_EVENT_DNSSEC_KEYMASTER_CHANGE_DETECTED,pirate.htb,DC01.pirate.htb,,
2026-02-25T03:51:57.136716Z,2,DC01.pirate.htb,Microsoft-Windows-DNS-Server-Service,DNS Server,329,4,,DNS_EVENT_STARTUP_OK,,,,,,
2026-02-25T03:51:57.391146Z,4,DC01.pirate.htb,Microsoft-Windows-DNS-Server-Service,DNS Server,330,4,,DNS_EVENT_ZONE_LOAD_COMPLETE,,,,,,
2026-02-25T04:14:41.279225Z,3,DC01.pirate.htb,Microsoft-Windows-DNS-Server-Service,DNS Server,331,4,,DNS_EVENT_SHUTDOWN,,,,,,
2026-02-25T17:56:16.968127Z,7693,DC01.pirate.htb,Microsoft-Windows-DNS-Server-Service,DNS Server,332,4,,,,DNS_EVENT_SCOPE_EDNS_OPCODE_SET,65433,,,
2026-02-25T17:56:23.570363Z,4013,DC01.pirate.htb,Microsoft-Windows-DNS-Server-Service,DNS Server,333,3,,DNS_EVENT_DS_OPEN_WAIT,,,,,,
2026-02-25T17:56:29.842111Z,769,DC01.pirate.htb,Microsoft-Windows-DNS-Server-Service,DNS Server,334,4,,,.,DNS_EVENT_ZONE_LOAD_OK,_msdcs.pirate.htb,NULL,DC01.pirate.htb,
2026-02-25T17:56:29.846825Z,769,DC01.pirate.htb,Microsoft-Windows-DNS-Server-Service,DNS Server,335,4,,,.,DNS_EVENT_ZONE_LOAD_OK,pirate.htb,NULL,DC01.pirate.htb,
2026-02-25T17:56:29.848824Z,769,DC01.pirate.htb,Microsoft-Windows-DNS-Server-Service,DNS Server,336,4,,,.,DNS_EVENT_ZONE_LOAD_OK,TrustAnchors,NULL,DC01.pirate.htb,
2026-02-25T17:56:29.854170Z,7648,DC01.pirate.htb,Microsoft-Windows-DNS-Server-Service,DNS Server,337,4,,,,DNS_EVENT_DNSSEC_KEYMASTER_CHANGE_DETECTED,pirate.htb,DC01.pirate.htb,,
2026-02-25T17:56:30.076479Z,2,DC01.pirate.htb,Microsoft-Windows-DNS-Server-Service,DNS Server,338,4,,DNS_EVENT_STARTUP_OK,,,,,,
2026-02-25T17:56:30.712828Z,4,DC01.pirate.htb,Microsoft-Windows-DNS-Server-Service,DNS Server,339,4,,DNS_EVENT_ZONE_LOAD_COMPLETE,,,,,,
2026-02-25T18:03:17.790180Z,3,DC01.pirate.htb,Microsoft-Windows-DNS-Server-Service,DNS Server,340,4,,DNS_EVENT_SHUTDOWN,,,,,,
2026-03-02T10:37:34.332597Z,7693,DC01.pirate.htb,Microsoft-Windows-DNS-Server-Service,DNS Server,341,4,,,,DNS_EVENT_SCOPE_EDNS_OPCODE_SET,65433,,,
2026-03-02T10:37:39.566743Z,4013,DC01.pirate.htb,Microsoft-Windows-DNS-Server-Service,DNS Server,342,3,,DNS_EVENT_DS_OPEN_WAIT,,,,,,
2026-03-02T10:37:54.581140Z,769,DC01.pirate.htb,Microsoft-Windows-DNS-Server-Service,DNS Server,343,4,,,.,DNS_EVENT_ZONE_LOAD_OK,_msdcs.pirate.htb,NULL,DC01.pirate.htb,
2026-03-02T10:37:54.590426Z,769,DC01.pirate.htb,Microsoft-Windows-DNS-Server-Service,DNS Server,344,4,,,.,DNS_EVENT_ZONE_LOAD_OK,pirate.htb,NULL,DC01.pirate.htb,
2026-03-02T10:37:54.592672Z,769,DC01.pirate.htb,Microsoft-Windows-DNS-Server-Service,DNS Server,345,4,,,.,DNS_EVENT_ZONE_LOAD_OK,TrustAnchors,NULL,DC01.pirate.htb,
2026-03-02T10:37:54.599876Z,7648,DC01.pirate.htb,Microsoft-Windows-DNS-Server-Service,DNS Server,346,4,,,,DNS_EVENT_DNSSEC_KEYMASTER_CHANGE_DETECTED,pirate.htb,DC01.pirate.htb,,
2026-03-02T10:37:54.764547Z,2,DC01.pirate.htb,Microsoft-Windows-DNS-Server-Service,DNS Server,347,4,,DNS_EVENT_STARTUP_OK,,,,,,
2026-03-02T10:37:55.130339Z,4,DC01.pirate.htb,Microsoft-Windows-DNS-Server-Service,DNS Server,348,4,,DNS_EVENT_ZONE_LOAD_COMPLETE,,,,,,
